{
    "count": 20,
    "start": 0,
    "total": 23,
    "subjects": [
                 {
                 "rating": {
                 "max": 10,
                 "average": 8,
                 "stars": "40",
                 "min": 0
                 },
                 "genres": [
                            "剧情",
                            "奇幻",
                            "冒险"
                            ],
                 "title": "奇幻森林",
                 "casts": [
                           {
                           "alt": "https://movie.douban.com/celebrity/1341495/",
                           "avatars": {
                           "small": "http://img3.douban.com/img/celebrity/small/mdU4sqb8u1scel_avatar_uploaded1405572903.85.jpg",
                           "large": "http://img3.douban.com/img/celebrity/large/mdU4sqb8u1scel_avatar_uploaded1405572903.85.jpg",
                           "medium": "http://img3.douban.com/img/celebrity/medium/mdU4sqb8u1scel_avatar_uploaded1405572903.85.jpg"
                           },
                           "name": "尼尔·塞西",
                           "id": "1341495"
                           },
                           {
                           "alt": "https://movie.douban.com/celebrity/1054508/",
                           "avatars": {
                           "small": "http://img3.douban.com/img/celebrity/small/651.jpg",
                           "large": "http://img3.douban.com/img/celebrity/large/651.jpg",
                           "medium": "http://img3.douban.com/img/celebrity/medium/651.jpg"
                           },
                           "name": "比尔·默瑞",
                           "id": "1054508"
                           },
                           {
                           "alt": "https://movie.douban.com/celebrity/1054393/",
                           "avatars": {
                           "small": "http://img3.doubanio.com/img/celebrity/small/1374649659.58.jpg",
                           "large": "http://img3.doubanio.com/img/celebrity/large/1374649659.58.jpg",
                           "medium": "http://img3.doubanio.com/img/celebrity/medium/1374649659.58.jpg"
                           },
                           "name": "本·金斯利",
                           "id": "1054393"
                           }
                           ],
                 "collect_count": 35801,
                 "original_title": "The Jungle Book",
                 "subtype": "movie",
                 "directors": [
                               {
                               "alt": "https://movie.douban.com/celebrity/1027164/",
                               "avatars": {
                               "small": "http://img3.doubanio.com/img/celebrity/small/6058.jpg",
                               "large": "http://img3.doubanio.com/img/celebrity/large/6058.jpg",
                               "medium": "http://img3.doubanio.com/img/celebrity/medium/6058.jpg"
                               },
                               "name": "乔恩·费儒",
                               "id": "1027164"
                               }
                               ],
                 "year": "2016",
                 "images": {
                 "small": "http://img3.doubanio.com/view/movie_poster_cover/ipst/public/p2324130709.jpg",
                 "large": "http://img3.doubanio.com/view/movie_poster_cover/lpst/public/p2324130709.jpg",
                 "medium": "http://img3.doubanio.com/view/movie_poster_cover/spst/public/p2324130709.jpg"
                 },
                 "alt": "https://movie.douban.com/subject/25777636/",
                 "id": "25777636"
                 },
                 {
                 "rating": {
                 "max": 10,
                 "average": 6.2,
                 "stars": "35",
                 "min": 0
                 },
                 "genres": [
                            "动作",
                            "犯罪",
                            "惊悚"
                            ],
                 "title": "伦敦陷落",
                 "casts": [
                           {
                           "alt": "https://movie.douban.com/celebrity/1040500/",
                           "avatars": {
                           "small": "http://img3.doubanio.com/img/celebrity/small/406.jpg",
                           "large": "http://img3.doubanio.com/img/celebrity/large/406.jpg",
                           "medium": "http://img3.doubanio.com/img/celebrity/medium/406.jpg"
                           },
                           "name": "杰拉德·巴特勒",
                           "id": "1040500"
                           },
                           {
                           "alt": "https://movie.douban.com/celebrity/1053577/",
                           "avatars": {
                           "small": "http://img3.douban.com/img/celebrity/small/522.jpg",
                           "large": "http://img3.douban.com/img/celebrity/large/522.jpg",
                           "medium": "http://img3.douban.com/img/celebrity/medium/522.jpg"
                           },
                           "name": "艾伦·艾克哈特",
                           "id": "1053577"
                           },
                           {
                           "alt": "https://movie.douban.com/celebrity/1054534/",
                           "avatars": {
                           "small": "http://img3.douban.com/img/celebrity/small/34642.jpg",
                           "large": "http://img3.douban.com/img/celebrity/large/34642.jpg",
                           "medium": "http://img3.douban.com/img/celebrity/medium/34642.jpg"
                           },
                           "name": "摩根·弗里曼",
                           "id": "1054534"
                           }
                           ],
                 "collect_count": 22340,
                 "original_title": "London Has Fallen",
                 "subtype": "movie",
                 "directors": [
                               {
                               "alt": "https://movie.douban.com/celebrity/1317990/",
                               "avatars": {
                               "small": "http://img3.douban.com/img/celebrity/small/42004.jpg",
                               "large": "http://img3.douban.com/img/celebrity/large/42004.jpg",
                               "medium": "http://img3.douban.com/img/celebrity/medium/42004.jpg"
                               },
                               "name": "巴巴克·纳加非",
                               "id": "1317990"
                               }
                               ],
                 "year": "2016",
                 "images": {
                 "small": "http://img3.doubanio.com/view/movie_poster_cover/ipst/public/p2325735117.jpg",
                 "large": "http://img3.doubanio.com/view/movie_poster_cover/lpst/public/p2325735117.jpg",
                 "medium": "http://img3.doubanio.com/view/movie_poster_cover/spst/public/p2325735117.jpg"
                 },
                 "alt": "https://movie.douban.com/subject/25757186/",
                 "id": "25757186"
                 },
                 {
                 "rating": {
                 "max": 10,
                 "average": 5.8,
                 "stars": "30",
                 "min": 0
                 },
                 "genres": [
                            "动作",
                            "犯罪",
                            "悬疑"
                            ],
                 "title": "冰河追凶",
                 "casts": [
                           {
                           "alt": "https://movie.douban.com/celebrity/1118167/",
                           "avatars": {
                           "small": "http://img3.doubanio.com/img/celebrity/small/746.jpg",
                           "large": "http://img3.doubanio.com/img/celebrity/large/746.jpg",
                           "medium": "http://img3.doubanio.com/img/celebrity/medium/746.jpg"
                           },
                           "name": "梁家辉",
                           "id": "1118167"
                           },
                           {
                           "alt": "https://movie.douban.com/celebrity/1009179/",
                           "avatars": {
                           "small": "http://img3.douban.com/img/celebrity/small/1368762337.01.jpg",
                           "large": "http://img3.douban.com/img/celebrity/large/1368762337.01.jpg",
                           "medium": "http://img3.douban.com/img/celebrity/medium/1368762337.01.jpg"
                           },
                           "name": "佟大为",
                           "id": "1009179"
                           },
                           {
                           "alt": "https://movie.douban.com/celebrity/1274224/",
                           "avatars": {
                           "small": "http://img3.doubanio.com/img/celebrity/small/36798.jpg",
                           "large": "http://img3.doubanio.com/img/celebrity/large/36798.jpg",
                           "medium": "http://img3.doubanio.com/img/celebrity/medium/36798.jpg"
                           },
                           "name": "周冬雨",
                           "id": "1274224"
                           }
                           ],
                 "collect_count": 3106,
                 "original_title": "冰河追凶",
                 "subtype": "movie",
                 "directors": [
                               {
                               "alt": "https://movie.douban.com/celebrity/1332058/",
                               "avatars": {
                               "small": "http://img3.doubanio.com/f/movie/ca527386eb8c4e325611e22dfcb04cc116d6b423/pics/movie/celebrity-default-small.png",
                               "large": "http://img3.douban.com/f/movie/63acc16ca6309ef191f0378faf793d1096a3e606/pics/movie/celebrity-default-large.png",
                               "medium": "http://img3.doubanio.com/f/movie/8dd0c794499fe925ae2ae89ee30cd225750457b4/pics/movie/celebrity-default-medium.png"
                               },
                               "name": "徐伟",
                               "id": "1332058"
                               }
                               ],
                 "year": "2016",
                 "images": {
                 "small": "http://img3.doubanio.com/view/movie_poster_cover/ipst/public/p2325669527.jpg",
                 "large": "http://img3.doubanio.com/view/movie_poster_cover/lpst/public/p2325669527.jpg",
                 "medium": "http://img3.doubanio.com/view/movie_poster_cover/spst/public/p2325669527.jpg"
                 },
                 "alt": "https://movie.douban.com/subject/26315270/",
                 "id": "26315270"
                 },
                 {
                 "rating": {
                 "max": 10,
                 "average": 8.2,
                 "stars": "40",
                 "min": 0
                 },
                 "genres": [
                            "剧情",
                            "家庭"
                            ],
                 "title": "垫底辣妹",
                 "casts": [
                           {
                           "alt": "https://movie.douban.com/celebrity/1275528/",
                           "avatars": {
                           "small": "http://img3.douban.com/img/celebrity/small/1365943835.14.jpg",
                           "large": "http://img3.douban.com/img/celebrity/large/1365943835.14.jpg",
                           "medium": "http://img3.douban.com/img/celebrity/medium/1365943835.14.jpg"
                           },
                           "name": "有村架纯",
                           "id": "1275528"
                           },
                           {
                           "alt": "https://movie.douban.com/celebrity/1111147/",
                           "avatars": {
                           "small": "http://img3.douban.com/img/celebrity/small/2984.jpg",
                           "large": "http://img3.douban.com/img/celebrity/large/2984.jpg",
                           "medium": "http://img3.douban.com/img/celebrity/medium/2984.jpg"
                           },
                           "name": "伊藤淳史",
                           "id": "1111147"
                           },
                           {
                           "alt": "https://movie.douban.com/celebrity/1316808/",
                           "avatars": {
                           "small": "http://img3.doubanio.com/img/celebrity/small/37496.jpg",
                           "large": "http://img3.doubanio.com/img/celebrity/large/37496.jpg",
                           "medium": "http://img3.doubanio.com/img/celebrity/medium/37496.jpg"
                           },
                           "name": "吉田羊",
                           "id": "1316808"
                           }
                           ],
                 "collect_count": 58789,
                 "original_title": "ビリギャル",
                 "subtype": "movie",
                 "directors": [
                               {
                               "alt": "https://movie.douban.com/celebrity/1001640/",
                               "avatars": {
                               "small": "http://img3.doubanio.com/img/celebrity/small/9318.jpg",
                               "large": "http://img3.doubanio.com/img/celebrity/large/9318.jpg",
                               "medium": "http://img3.doubanio.com/img/celebrity/medium/9318.jpg"
                               },
                               "name": "土井裕泰",
                               "id": "1001640"
                               }
                               ],
                 "year": "2015",
                 "images": {
                 "small": "http://img3.douban.com/view/movie_poster_cover/ipst/public/p2329080834.jpg",
                 "large": "http://img3.douban.com/view/movie_poster_cover/lpst/public/p2329080834.jpg",
                 "medium": "http://img3.douban.com/view/movie_poster_cover/spst/public/p2329080834.jpg"
                 },
                 "alt": "https://movie.douban.com/subject/26259677/",
                 "id": "26259677"
                 },
                 {
                 "rating": {
                 "max": 10,
                 "average": 6,
                 "stars": "30",
                 "min": 0
                 },
                 "genres": [
                            "喜剧",
                            "动作"
                            ],
                 "title": "废柴特工",
                 "casts": [
                           {
                           "alt": "https://movie.douban.com/celebrity/1027144/",
                           "avatars": {
                           "small": "http://img3.douban.com/img/celebrity/small/2024.jpg",
                           "large": "http://img3.douban.com/img/celebrity/large/2024.jpg",
                           "medium": "http://img3.douban.com/img/celebrity/medium/2024.jpg"
                           },
                           "name": "杰西·艾森伯格",
                           "id": "1027144"
                           },
                           {
                           "alt": "https://movie.douban.com/celebrity/1012533/",
                           "avatars": {
                           "small": "http://img3.douban.com/img/celebrity/small/11265.jpg",
                           "large": "http://img3.douban.com/img/celebrity/large/11265.jpg",
                           "medium": "http://img3.douban.com/img/celebrity/medium/11265.jpg"
                           },
                           "name": "克里斯汀·斯图尔特",
                           "id": "1012533"
                           },
                           {
                           "alt": "https://movie.douban.com/celebrity/1098551/",
                           "avatars": {
                           "small": "http://img3.douban.com/img/celebrity/small/50351.jpg",
                           "large": "http://img3.douban.com/img/celebrity/large/50351.jpg",
                           "medium": "http://img3.douban.com/img/celebrity/medium/50351.jpg"
                           },
                           "name": "沃尔顿·戈金斯",
                           "id": "1098551"
                           }
                           ],
                 "collect_count": 11172,
                 "original_title": "American Ultra",
                 "subtype": "movie",
                 "directors": [
                               {
                               "alt": "https://movie.douban.com/celebrity/1320056/",
                               "avatars": {
                               "small": "http://img3.douban.com/img/celebrity/small/48594.jpg",
                               "large": "http://img3.douban.com/img/celebrity/large/48594.jpg",
                               "medium": "http://img3.douban.com/img/celebrity/medium/48594.jpg"
                               },
                               "name": "尼玛·诺里扎德",
                               "id": "1320056"
                               }
                               ],
                 "year": "2015",
                 "images": {
                 "small": "http://img3.doubanio.com/view/movie_poster_cover/ipst/public/p2333514158.jpg",
                 "large": "http://img3.doubanio.com/view/movie_poster_cover/lpst/public/p2333514158.jpg",
                 "medium": "http://img3.doubanio.com/view/movie_poster_cover/spst/public/p2333514158.jpg"
                 },
                 "alt": "https://movie.douban.com/subject/25763555/",
                 "id": "25763555"
                 },
                 {
                 "rating": {
                 "max": 10,
                 "average": 7.5,
                 "stars": "40",
                 "min": 0
                 },
                 "genres": [
                            "剧情"
                            ],
                 "title": "火锅英雄",
                 "casts": [
                           {
                           "alt": "https://movie.douban.com/celebrity/1053618/",
                           "avatars": {
                           "small": "http://img3.doubanio.com/img/celebrity/small/1327.jpg",
                           "large": "http://img3.doubanio.com/img/celebrity/large/1327.jpg",
                           "medium": "http://img3.doubanio.com/img/celebrity/medium/1327.jpg"
                           },
                           "name": "陈坤",
                           "id": "1053618"
                           },
                           {
                           "alt": "https://movie.douban.com/celebrity/1275542/",
                           "avatars": {
                           "small": "http://img3.doubanio.com/img/celebrity/small/21559.jpg",
                           "large": "http://img3.doubanio.com/img/celebrity/large/21559.jpg",
                           "medium": "http://img3.doubanio.com/img/celebrity/medium/21559.jpg"
                           },
                           "name": "白百何",
                           "id": "1275542"
                           },
                           {
                           "alt": "https://movie.douban.com/celebrity/1274463/",
                           "avatars": {
                           "small": "http://img3.douban.com/img/celebrity/small/44442.jpg",
                           "large": "http://img3.douban.com/img/celebrity/large/44442.jpg",
                           "medium": "http://img3.douban.com/img/celebrity/medium/44442.jpg"
                           },
                           "name": "秦昊",
                           "id": "1274463"
                           }
                           ],
                 "collect_count": 69753,
                 "original_title": "火锅英雄",
                 "subtype": "movie",
                 "directors": [
                               {
                               "alt": "https://movie.douban.com/celebrity/1274857/",
                               "avatars": {
                               "small": "http://img3.doubanio.com/img/celebrity/small/14537.jpg",
                               "large": "http://img3.doubanio.com/img/celebrity/large/14537.jpg",
                               "medium": "http://img3.doubanio.com/img/celebrity/medium/14537.jpg"
                               },
                               "name": "杨庆",
                               "id": "1274857"
                               }
                               ],
                 "year": "2016",
                 "images": {
                 "small": "http://img3.douban.com/view/movie_poster_cover/ipst/public/p2325504300.jpg",
                 "large": "http://img3.douban.com/view/movie_poster_cover/lpst/public/p2325504300.jpg",
                 "medium": "http://img3.douban.com/view/movie_poster_cover/spst/public/p2325504300.jpg"
                 },
                 "alt": "https://movie.douban.com/subject/25662327/",
                 "id": "25662327"
                 },
                 {
                 "rating": {
                 "max": 10,
                 "average": 5.5,
                 "stars": "30",
                 "min": 0
                 },
                 "genres": [
                            "剧情",
                            "爱情"
                            ],
                 "title": "纽约纽约",
                 "casts": [
                           {
                           "alt": "https://movie.douban.com/celebrity/1259866/",
                           "avatars": {
                           "small": "http://img3.doubanio.com/img/celebrity/small/21006.jpg",
                           "large": "http://img3.doubanio.com/img/celebrity/large/21006.jpg",
                           "medium": "http://img3.doubanio.com/img/celebrity/medium/21006.jpg"
                           },
                           "name": "阮经天",
                           "id": "1259866"
                           },
                           {
                           "alt": "https://movie.douban.com/celebrity/1323516/",
                           "avatars": {
                           "small": "http://img3.douban.com/img/celebrity/small/1368850348.93.jpg",
                           "large": "http://img3.douban.com/img/celebrity/large/1368850348.93.jpg",
                           "medium": "http://img3.douban.com/img/celebrity/medium/1368850348.93.jpg"
                           },
                           "name": "杜鹃",
                           "id": "1323516"
                           },
                           {
                           "alt": "https://movie.douban.com/celebrity/1115415/",
                           "avatars": {
                           "small": "http://img3.doubanio.com/img/celebrity/small/2247.jpg",
                           "large": "http://img3.doubanio.com/img/celebrity/large/2247.jpg",
                           "medium": "http://img3.doubanio.com/img/celebrity/medium/2247.jpg"
                           },
                           "name": "苗侨伟",
                           "id": "1115415"
                           }
                           ],
                 "collect_count": 1819,
                 "original_title": "纽约纽约",
                 "subtype": "movie",
                 "directors": [
                               {
                               "alt": "https://movie.douban.com/celebrity/1353780/",
                               "avatars": {
                               "small": "http://img3.doubanio.com/f/movie/ca527386eb8c4e325611e22dfcb04cc116d6b423/pics/movie/celebrity-default-small.png",
                               "large": "http://img3.douban.com/f/movie/63acc16ca6309ef191f0378faf793d1096a3e606/pics/movie/celebrity-default-large.png",
                               "medium": "http://img3.doubanio.com/f/movie/8dd0c794499fe925ae2ae89ee30cd225750457b4/pics/movie/celebrity-default-medium.png"
                               },
                               "name": "罗冬",
                               "id": "1353780"
                               }
                               ],
                 "year": "2016",
                 "images": {
                 "small": "http://img3.douban.com/view/movie_poster_cover/ipst/public/p2324916383.jpg",
                 "large": "http://img3.douban.com/view/movie_poster_cover/lpst/public/p2324916383.jpg",
                 "medium": "http://img3.douban.com/view/movie_poster_cover/spst/public/p2324916383.jpg"
                 },
                 "alt": "https://movie.douban.com/subject/25881781/",
                 "id": "25881781"
                 },
                 {
                 "rating": {
                 "max": 10,
                 "average": 5.5,
                 "stars": "30",
                 "min": 0
                 },
                 "genres": [
                            "剧情",
                            "动作",
                            "冒险"
                            ],
                 "title": "我的特工爷爷",
                 "casts": [
                           {
                           "alt": "https://movie.douban.com/celebrity/1055887/",
                           "avatars": {
                           "small": "http://img3.doubanio.com/img/celebrity/small/838.jpg",
                           "large": "http://img3.doubanio.com/img/celebrity/large/838.jpg",
                           "medium": "http://img3.doubanio.com/img/celebrity/medium/838.jpg"
                           },
                           "name": "洪金宝",
                           "id": "1055887"
                           },
                           {
                           "alt": "https://movie.douban.com/celebrity/1054424/",
                           "avatars": {
                           "small": "http://img3.douban.com/img/celebrity/small/1378956633.91.jpg",
                           "large": "http://img3.douban.com/img/celebrity/large/1378956633.91.jpg",
                           "medium": "http://img3.douban.com/img/celebrity/medium/1378956633.91.jpg"
                           },
                           "name": "刘德华",
                           "id": "1054424"
                           },
                           {
                           "alt": "https://movie.douban.com/celebrity/1274391/",
                           "avatars": {
                           "small": "http://img3.douban.com/img/celebrity/small/1414576457.0.jpg",
                           "large": "http://img3.douban.com/img/celebrity/large/1414576457.0.jpg",
                           "medium": "http://img3.douban.com/img/celebrity/medium/1414576457.0.jpg"
                           },
                           "name": "朱雨辰",
                           "id": "1274391"
                           }
                           ],
                 "collect_count": 13196,
                 "original_title": "特工爺爺",
                 "subtype": "movie",
                 "directors": [
                               {
                               "alt": "https://movie.douban.com/celebrity/1055887/",
                               "avatars": {
                               "small": "http://img3.doubanio.com/img/celebrity/small/838.jpg",
                               "large": "http://img3.doubanio.com/img/celebrity/large/838.jpg",
                               "medium": "http://img3.doubanio.com/img/celebrity/medium/838.jpg"
                               },
                               "name": "洪金宝",
                               "id": "1055887"
                               }
                               ],
                 "year": "2016",
                 "images": {
                 "small": "http://img3.doubanio.com/view/movie_poster_cover/ipst/public/p2325687277.jpg",
                 "large": "http://img3.doubanio.com/view/movie_poster_cover/lpst/public/p2325687277.jpg",
                 "medium": "http://img3.doubanio.com/view/movie_poster_cover/spst/public/p2325687277.jpg"
                 },
                 "alt": "https://movie.douban.com/subject/25945280/",
                 "id": "25945280"
                 },
                 {
                 "rating": {
                 "max": 10,
                 "average": 6.7,
                 "stars": "35",
                 "min": 0
                 },
                 "genres": [
                            "剧情",
                            "动作",
                            "惊悚"
                            ],
                 "title": "国家利益",
                 "casts": [
                           {
                           "alt": "https://movie.douban.com/celebrity/1027504/",
                           "avatars": {
                           "small": "http://img3.douban.com/img/celebrity/small/21792.jpg",
                           "large": "http://img3.douban.com/img/celebrity/large/21792.jpg",
                           "medium": "http://img3.douban.com/img/celebrity/medium/21792.jpg"
                           },
                           "name": "米卡埃尔·佩斯布兰特",
                           "id": "1027504"
                           },
                           {
                           "alt": "https://movie.douban.com/celebrity/1356550/",
                           "avatars": {
                           "small": "http://img3.douban.com/img/celebrity/small/1460011435.01.jpg",
                           "large": "http://img3.douban.com/img/celebrity/large/1460011435.01.jpg",
                           "medium": "http://img3.douban.com/img/celebrity/medium/1460011435.01.jpg"
                           },
                           "name": "萨巴·穆巴拉克",
                           "id": "1356550"
                           },
                           {
                           "alt": "https://movie.douban.com/celebrity/1276058/",
                           "avatars": {
                           "small": "http://img3.douban.com/img/celebrity/small/13180.jpg",
                           "large": "http://img3.douban.com/img/celebrity/large/13180.jpg",
                           "medium": "http://img3.douban.com/img/celebrity/medium/13180.jpg"
                           },
                           "name": "大卫·丹席克",
                           "id": "1276058"
                           }
                           ],
                 "collect_count": 5263,
                 "original_title": "Hamilton: I nationens interesse",
                 "subtype": "movie",
                 "directors": [
                               {
                               "alt": "https://movie.douban.com/celebrity/1356548/",
                               "avatars": {
                               "small": "http://img3.doubanio.com/img/celebrity/small/1460010417.88.jpg",
                               "large": "http://img3.doubanio.com/img/celebrity/large/1460010417.88.jpg",
                               "medium": "http://img3.doubanio.com/img/celebrity/medium/1460010417.88.jpg"
                               },
                               "name": "凯瑟琳·温德菲尔德",
                               "id": "1356548"
                               }
                               ],
                 "year": "2012",
                 "images": {
                 "small": "http://img3.doubanio.com/view/movie_poster_cover/ipst/public/p2329640178.jpg",
                 "large": "http://img3.doubanio.com/view/movie_poster_cover/lpst/public/p2329640178.jpg",
                 "medium": "http://img3.doubanio.com/view/movie_poster_cover/spst/public/p2329640178.jpg"
                 },
                 "alt": "https://movie.douban.com/subject/6876154/",
                 "id": "6876154"
                 },
                 {
                 "rating": {
                 "max": 10,
                 "average": 4.2,
                 "stars": "20",
                 "min": 0
                 },
                 "genres": [
                            "悬疑",
                            "惊悚",
                            "恐怖"
                            ],
                 "title": "猫脸老太太",
                 "casts": [
                           {
                           "alt": "https://movie.douban.com/celebrity/1329159/",
                           "avatars": {
                           "small": "http://img3.douban.com/img/celebrity/small/1369194338.32.jpg",
                           "large": "http://img3.douban.com/img/celebrity/large/1369194338.32.jpg",
                           "medium": "http://img3.douban.com/img/celebrity/medium/1369194338.32.jpg"
                           },
                           "name": "王翀",
                           "id": "1329159"
                           },
                           {
                           "alt": "https://movie.douban.com/celebrity/1323837/",
                           "avatars": {
                           "small": "http://img3.douban.com/img/celebrity/small/57352.jpg",
                           "large": "http://img3.douban.com/img/celebrity/large/57352.jpg",
                           "medium": "http://img3.douban.com/img/celebrity/medium/57352.jpg"
                           },
                           "name": "王聃葳",
                           "id": "1323837"
                           },
                           {
                           "alt": "https://movie.douban.com/celebrity/1354725/",
                           "avatars": {
                           "small": "http://img3.douban.com/img/celebrity/small/1455782055.01.jpg",
                           "large": "http://img3.douban.com/img/celebrity/large/1455782055.01.jpg",
                           "medium": "http://img3.douban.com/img/celebrity/medium/1455782055.01.jpg"
                           },
                           "name": "田淼",
                           "id": "1354725"
                           }
                           ],
                 "collect_count": 321,
                 "original_title": "猫脸老太太",
                 "subtype": "movie",
                 "directors": [
                               {
                               "alt": "https://movie.douban.com/celebrity/1323628/",
                               "avatars": {
                               "small": "http://img3.doubanio.com/img/celebrity/small/1435833583.66.jpg",
                               "large": "http://img3.doubanio.com/img/celebrity/large/1435833583.66.jpg",
                               "medium": "http://img3.doubanio.com/img/celebrity/medium/1435833583.66.jpg"
                               },
                               "name": "赵小溪",
                               "id": "1323628"
                               }
                               ],
                 "year": "2016",
                 "images": {
                 "small": "http://img3.doubanio.com/view/movie_poster_cover/ipst/public/p2320543567.jpg",
                 "large": "http://img3.doubanio.com/view/movie_poster_cover/lpst/public/p2320543567.jpg",
                 "medium": "http://img3.doubanio.com/view/movie_poster_cover/spst/public/p2320543567.jpg"
                 },
                 "alt": "https://movie.douban.com/subject/26730129/",
                 "id": "26730129"
                 },
                 {
                 "rating": {
                 "max": 10,
                 "average": 6.7,
                 "stars": "35",
                 "min": 0
                 },
                 "genres": [
                            "动作",
                            "科幻",
                            "奇幻"
                            ],
                 "title": "蝙蝠侠大战超人：正义黎明",
                 "casts": [
                           {
                           "alt": "https://movie.douban.com/celebrity/1054417/",
                           "avatars": {
                           "small": "http://img3.douban.com/img/celebrity/small/7622.jpg",
                           "large": "http://img3.douban.com/img/celebrity/large/7622.jpg",
                           "medium": "http://img3.douban.com/img/celebrity/medium/7622.jpg"
                           },
                           "name": "本·阿弗莱克",
                           "id": "1054417"
                           },
                           {
                           "alt": "https://movie.douban.com/celebrity/1044713/",
                           "avatars": {
                           "small": "http://img3.doubanio.com/img/celebrity/small/36357.jpg",
                           "large": "http://img3.doubanio.com/img/celebrity/large/36357.jpg",
                           "medium": "http://img3.doubanio.com/img/celebrity/medium/36357.jpg"
                           },
                           "name": "亨利·卡维尔",
                           "id": "1044713"
                           },
                           {
                           "alt": "https://movie.douban.com/celebrity/1022563/",
                           "avatars": {
                           "small": "http://img3.douban.com/img/celebrity/small/23782.jpg",
                           "large": "http://img3.douban.com/img/celebrity/large/23782.jpg",
                           "medium": "http://img3.douban.com/img/celebrity/medium/23782.jpg"
                           },
                           "name": "艾米·亚当斯",
                           "id": "1022563"
                           }
                           ],
                 "collect_count": 94314,
                 "original_title": "Batman v Superman: Dawn of Justice",
                 "subtype": "movie",
                 "directors": [
                               {
                               "alt": "https://movie.douban.com/celebrity/1031904/",
                               "avatars": {
                               "small": "http://img3.doubanio.com/img/celebrity/small/23346.jpg",
                               "large": "http://img3.doubanio.com/img/celebrity/large/23346.jpg",
                               "medium": "http://img3.doubanio.com/img/celebrity/medium/23346.jpg"
                               },
                               "name": "扎克·施奈德",
                               "id": "1031904"
                               }
                               ],
                 "year": "2016",
                 "images": {
                 "small": "http://img3.doubanio.com/view/movie_poster_cover/ipst/public/p2316834186.jpg",
                 "large": "http://img3.doubanio.com/view/movie_poster_cover/lpst/public/p2316834186.jpg",
                 "medium": "http://img3.doubanio.com/view/movie_poster_cover/spst/public/p2316834186.jpg"
                 },
                 "alt": "https://movie.douban.com/subject/24750534/",
                 "id": "24750534"
                 },
                 {
                 "rating": {
                 "max": 10,
                 "average": 6.6,
                 "stars": "35",
                 "min": 0
                 },
                 "genres": [
                            "剧情"
                            ],
                 "title": "不朽的时光",
                 "casts": [
                           {
                           "alt": "https://movie.douban.com/celebrity/1317348/",
                           "avatars": {
                           "small": "http://img3.doubanio.com/img/celebrity/small/39556.jpg",
                           "large": "http://img3.doubanio.com/img/celebrity/large/39556.jpg",
                           "medium": "http://img3.doubanio.com/img/celebrity/medium/39556.jpg"
                           },
                           "name": "王紫逸",
                           "id": "1317348"
                           },
                           {
                           "alt": "https://movie.douban.com/celebrity/1313252/",
                           "avatars": {
                           "small": "http://img3.douban.com/img/celebrity/small/1370936880.73.jpg",
                           "large": "http://img3.douban.com/img/celebrity/large/1370936880.73.jpg",
                           "medium": "http://img3.douban.com/img/celebrity/medium/1370936880.73.jpg"
                           },
                           "name": "爱新觉罗·启星",
                           "id": "1313252"
                           },
                           {
                           "alt": "https://movie.douban.com/celebrity/1316938/",
                           "avatars": {
                           "small": "http://img3.douban.com/img/celebrity/small/1366958555.22.jpg",
                           "large": "http://img3.douban.com/img/celebrity/large/1366958555.22.jpg",
                           "medium": "http://img3.douban.com/img/celebrity/medium/1366958555.22.jpg"
                           },
                           "name": "张逗逗",
                           "id": "1316938"
                           }
                           ],
                 "collect_count": 804,
                 "original_title": "不朽的时光",
                 "subtype": "movie",
                 "directors": [
                               {
                               "alt": "https://movie.douban.com/celebrity/1336091/",
                               "avatars": {
                               "small": "http://img3.doubanio.com/img/celebrity/small/1450849347.39.jpg",
                               "large": "http://img3.doubanio.com/img/celebrity/large/1450849347.39.jpg",
                               "medium": "http://img3.doubanio.com/img/celebrity/medium/1450849347.39.jpg"
                               },
                               "name": "闫然",
                               "id": "1336091"
                               }
                               ],
                 "year": "2016",
                 "images": {
                 "small": "http://img3.doubanio.com/view/movie_poster_cover/ipst/public/p2327510508.jpg",
                 "large": "http://img3.doubanio.com/view/movie_poster_cover/lpst/public/p2327510508.jpg",
                 "medium": "http://img3.doubanio.com/view/movie_poster_cover/spst/public/p2327510508.jpg"
                 },
                 "alt": "https://movie.douban.com/subject/25762270/",
                 "id": "25762270"
                 },
                 {
                 "rating": {
                 "max": 10,
                 "average": 6.3,
                 "stars": "35",
                 "min": 0
                 },
                 "genres": [
                            "惊悚",
                            "恐怖"
                            ],
                 "title": "灵偶契约",
                 "casts": [
                           {
                           "alt": "https://movie.douban.com/celebrity/1314597/",
                           "avatars": {
                           "small": "http://img3.douban.com/img/celebrity/small/1386337642.45.jpg",
                           "large": "http://img3.douban.com/img/celebrity/large/1386337642.45.jpg",
                           "medium": "http://img3.douban.com/img/celebrity/medium/1386337642.45.jpg"
                           },
                           "name": "劳伦·科汉",
                           "id": "1314597"
                           },
                           {
                           "alt": "https://movie.douban.com/celebrity/1000209/",
                           "avatars": {
                           "small": "http://img3.douban.com/img/celebrity/small/23815.jpg",
                           "large": "http://img3.douban.com/img/celebrity/large/23815.jpg",
                           "medium": "http://img3.douban.com/img/celebrity/medium/23815.jpg"
                           },
                           "name": "鲁珀特·伊文斯",
                           "id": "1000209"
                           },
                           {
                           "alt": "https://movie.douban.com/celebrity/1127084/",
                           "avatars": {
                           "small": "http://img3.doubanio.com/f/movie/ca527386eb8c4e325611e22dfcb04cc116d6b423/pics/movie/celebrity-default-small.png",
                           "large": "http://img3.douban.com/f/movie/63acc16ca6309ef191f0378faf793d1096a3e606/pics/movie/celebrity-default-large.png",
                           "medium": "http://img3.doubanio.com/f/movie/8dd0c794499fe925ae2ae89ee30cd225750457b4/pics/movie/celebrity-default-medium.png"
                           },
                           "name": "吉姆·诺顿",
                           "id": "1127084"
                           }
                           ],
                 "collect_count": 3421,
                 "original_title": "The Boy",
                 "subtype": "movie",
                 "directors": [
                               {
                               "alt": "https://movie.douban.com/celebrity/1354248/",
                               "avatars": {
                               "small": "http://img3.doubanio.com/img/celebrity/small/1453788608.58.jpg",
                               "large": "http://img3.doubanio.com/img/celebrity/large/1453788608.58.jpg",
                               "medium": "http://img3.doubanio.com/img/celebrity/medium/1453788608.58.jpg"
                               },
                               "name": "威廉·布伦特·贝尔",
                               "id": "1354248"
                               }
                               ],
                 "year": "2016",
                 "images": {
                 "small": "http://img3.douban.com/view/movie_poster_cover/ipst/public/p2327655150.jpg",
                 "large": "http://img3.douban.com/view/movie_poster_cover/lpst/public/p2327655150.jpg",
                 "medium": "http://img3.douban.com/view/movie_poster_cover/spst/public/p2327655150.jpg"
                 },
                 "alt": "https://movie.douban.com/subject/26359246/",
                 "id": "26359246"
                 },
                 {
                 "rating": {
                 "max": 10,
                 "average": 7.2,
                 "stars": "40",
                 "min": 0
                 },
                 "genres": [
                            "喜剧",
                            "爱情",
                            "奇幻"
                            ],
                 "title": "美人鱼",
                 "casts": [
                           {
                           "alt": "https://movie.douban.com/celebrity/1274235/",
                           "avatars": {
                           "small": "http://img3.douban.com/img/celebrity/small/805.jpg",
                           "large": "http://img3.douban.com/img/celebrity/large/805.jpg",
                           "medium": "http://img3.douban.com/img/celebrity/medium/805.jpg"
                           },
                           "name": "邓超",
                           "id": "1274235"
                           },
                           {
                           "alt": "https://movie.douban.com/celebrity/1274317/",
                           "avatars": {
                           "small": "http://img3.douban.com/img/celebrity/small/3083.jpg",
                           "large": "http://img3.douban.com/img/celebrity/large/3083.jpg",
                           "medium": "http://img3.douban.com/img/celebrity/medium/3083.jpg"
                           },
                           "name": "罗志祥",
                           "id": "1274317"
                           },
                           {
                           "alt": "https://movie.douban.com/celebrity/1274494/",
                           "avatars": {
                           "small": "http://img3.douban.com/img/celebrity/small/47020.jpg",
                           "large": "http://img3.douban.com/img/celebrity/large/47020.jpg",
                           "medium": "http://img3.douban.com/img/celebrity/medium/47020.jpg"
                           },
                           "name": "张雨绮",
                           "id": "1274494"
                           }
                           ],
                 "collect_count": 285778,
                 "original_title": "美人鱼",
                 "subtype": "movie",
                 "directors": [
                               {
                               "alt": "https://movie.douban.com/celebrity/1048026/",
                               "avatars": {
                               "small": "http://img3.douban.com/img/celebrity/small/47421.jpg",
                               "large": "http://img3.douban.com/img/celebrity/large/47421.jpg",
                               "medium": "http://img3.douban.com/img/celebrity/medium/47421.jpg"
                               },
                               "name": "周星驰",
                               "id": "1048026"
                               }
                               ],
                 "year": "2016",
                 "images": {
                 "small": "http://img3.doubanio.com/view/movie_poster_cover/ipst/public/p2316177058.jpg",
                 "large": "http://img3.doubanio.com/view/movie_poster_cover/lpst/public/p2316177058.jpg",
                 "medium": "http://img3.doubanio.com/view/movie_poster_cover/spst/public/p2316177058.jpg"
                 },
                 "alt": "https://movie.douban.com/subject/19944106/",
                 "id": "19944106"
                 },
                 {
                 "rating": {
                 "max": 10,
                 "average": 5.2,
                 "stars": "30",
                 "min": 0
                 },
                 "genres": [
                            "剧情",
                            "爱情"
                            ],
                 "title": "睡在我上铺的兄弟",
                 "casts": [
                           {
                           "alt": "https://movie.douban.com/celebrity/1325412/",
                           "avatars": {
                           "small": "http://img3.douban.com/img/celebrity/small/1375161987.92.jpg",
                           "large": "http://img3.douban.com/img/celebrity/large/1375161987.92.jpg",
                           "medium": "http://img3.douban.com/img/celebrity/medium/1375161987.92.jpg"
                           },
                           "name": "陈晓",
                           "id": "1325412"
                           },
                           {
                           "alt": "https://movie.douban.com/celebrity/1274294/",
                           "avatars": {
                           "small": "http://img3.douban.com/img/celebrity/small/1382590921.94.jpg",
                           "large": "http://img3.douban.com/img/celebrity/large/1382590921.94.jpg",
                           "medium": "http://img3.douban.com/img/celebrity/medium/1382590921.94.jpg"
                           },
                           "name": "秦岚",
                           "id": "1274294"
                           },
                           {
                           "alt": "https://movie.douban.com/celebrity/1326549/",
                           "avatars": {
                           "small": "http://img3.douban.com/img/celebrity/small/1359690025.23.jpg",
                           "large": "http://img3.douban.com/img/celebrity/large/1359690025.23.jpg",
                           "medium": "http://img3.douban.com/img/celebrity/medium/1359690025.23.jpg"
                           },
                           "name": "杜天皓",
                           "id": "1326549"
                           }
                           ],
                 "collect_count": 9435,
                 "original_title": "睡在我上铺的兄弟",
                 "subtype": "movie",
                 "directors": [
                               {
                               "alt": "https://movie.douban.com/celebrity/1316514/",
                               "avatars": {
                               "small": "http://img3.douban.com/img/celebrity/small/1454570692.63.jpg",
                               "large": "http://img3.douban.com/img/celebrity/large/1454570692.63.jpg",
                               "medium": "http://img3.douban.com/img/celebrity/medium/1454570692.63.jpg"
                               },
                               "name": "张琦",
                               "id": "1316514"
                               }
                               ],
                 "year": "2016",
                 "images": {
                 "small": "http://img3.douban.com/view/movie_poster_cover/ipst/public/p2325669261.jpg",
                 "large": "http://img3.douban.com/view/movie_poster_cover/lpst/public/p2325669261.jpg",
                 "medium": "http://img3.douban.com/view/movie_poster_cover/spst/public/p2325669261.jpg"
                 },
                 "alt": "https://movie.douban.com/subject/26354526/",
                 "id": "26354526"
                 },
                 {
                 "rating": {
                 "max": 10,
                 "average": 5.6,
                 "stars": "30",
                 "min": 0
                 },
                 "genres": [
                            "戏曲"
                            ],
                 "title": "白毛女",
                 "casts": [
                           {
                           "alt": "https://movie.douban.com/celebrity/1355986/",
                           "avatars": {
                           "small": "http://img3.doubanio.com/img/celebrity/small/1458873622.36.jpg",
                           "large": "http://img3.doubanio.com/img/celebrity/large/1458873622.36.jpg",
                           "medium": "http://img3.doubanio.com/img/celebrity/medium/1458873622.36.jpg"
                           },
                           "name": "雷佳",
                           "id": "1355986"
                           },
                           {
                           "alt": "https://movie.douban.com/celebrity/1355987/",
                           "avatars": {
                           "small": "http://img3.douban.com/img/celebrity/small/1458873756.82.jpg",
                           "large": "http://img3.douban.com/img/celebrity/large/1458873756.82.jpg",
                           "medium": "http://img3.douban.com/img/celebrity/medium/1458873756.82.jpg"
                           },
                           "name": "张英席",
                           "id": "1355987"
                           },
                           {
                           "alt": "https://movie.douban.com/celebrity/1355988/",
                           "avatars": {
                           "small": "http://img3.douban.com/img/celebrity/small/1458874002.75.jpg",
                           "large": "http://img3.douban.com/img/celebrity/large/1458874002.75.jpg",
                           "medium": "http://img3.douban.com/img/celebrity/medium/1458874002.75.jpg"
                           },
                           "name": "高鹏",
                           "id": "1355988"
                           }
                           ],
                 "collect_count": 610,
                 "original_title": "白毛女",
                 "subtype": "movie",
                 "directors": [
                               {
                               "alt": "https://movie.douban.com/celebrity/1325604/",
                               "avatars": {
                               "small": "http://img3.douban.com/img/celebrity/small/1355121149.54.jpg",
                               "large": "http://img3.douban.com/img/celebrity/large/1355121149.54.jpg",
                               "medium": "http://img3.douban.com/img/celebrity/medium/1355121149.54.jpg"
                               },
                               "name": "侯克明",
                               "id": "1325604"
                               }
                               ],
                 "year": "2016",
                 "images": {
                 "small": "http://img3.douban.com/view/movie_poster_cover/ipst/public/p2325362155.jpg",
                 "large": "http://img3.douban.com/view/movie_poster_cover/lpst/public/p2325362155.jpg",
                 "medium": "http://img3.douban.com/view/movie_poster_cover/spst/public/p2325362155.jpg"
                 },
                 "alt": "https://movie.douban.com/subject/26708775/",
                 "id": "26708775"
                 },
                 {
                 "rating": {
                 "max": 10,
                 "average": 3.8,
                 "stars": "20",
                 "min": 0
                 },
                 "genres": [
                            "惊悚",
                            "恐怖"
                            ],
                 "title": "午夜寻访录",
                 "casts": [
                           {
                           "alt": "https://movie.douban.com/celebrity/1274648/",
                           "avatars": {
                           "small": "http://img3.douban.com/img/celebrity/small/42452.jpg",
                           "large": "http://img3.douban.com/img/celebrity/large/42452.jpg",
                           "medium": "http://img3.douban.com/img/celebrity/medium/42452.jpg"
                           },
                           "name": "沙溢",
                           "id": "1274648"
                           },
                           {
                           "alt": "https://movie.douban.com/celebrity/1274939/",
                           "avatars": {
                           "small": "http://img3.doubanio.com/img/celebrity/small/1401438840.47.jpg",
                           "large": "http://img3.doubanio.com/img/celebrity/large/1401438840.47.jpg",
                           "medium": "http://img3.doubanio.com/img/celebrity/medium/1401438840.47.jpg"
                           },
                           "name": "胡可",
                           "id": "1274939"
                           },
                           {
                           "alt": "https://movie.douban.com/celebrity/1356833/",
                           "avatars": {
                           "small": "http://img3.doubanio.com/f/movie/ca527386eb8c4e325611e22dfcb04cc116d6b423/pics/movie/celebrity-default-small.png",
                           "large": "http://img3.douban.com/f/movie/63acc16ca6309ef191f0378faf793d1096a3e606/pics/movie/celebrity-default-large.png",
                           "medium": "http://img3.doubanio.com/f/movie/8dd0c794499fe925ae2ae89ee30cd225750457b4/pics/movie/celebrity-default-medium.png"
                           },
                           "name": "李琦",
                           "id": "1356833"
                           }
                           ],
                 "collect_count": 143,
                 "original_title": "午夜寻访录",
                 "subtype": "movie",
                 "directors": [
                               {
                               "alt": "https://movie.douban.com/celebrity/1351995/",
                               "avatars": {
                               "small": "http://img3.doubanio.com/f/movie/ca527386eb8c4e325611e22dfcb04cc116d6b423/pics/movie/celebrity-default-small.png",
                               "large": "http://img3.douban.com/f/movie/63acc16ca6309ef191f0378faf793d1096a3e606/pics/movie/celebrity-default-large.png",
                               "medium": "http://img3.doubanio.com/f/movie/8dd0c794499fe925ae2ae89ee30cd225750457b4/pics/movie/celebrity-default-medium.png"
                               },
                               "name": "刘天荣",
                               "id": "1351995"
                               }
                               ],
                 "year": "2016",
                 "images": {
                 "small": "http://img3.douban.com/view/movie_poster_cover/ipst/public/p2325586694.jpg",
                 "large": "http://img3.douban.com/view/movie_poster_cover/lpst/public/p2325586694.jpg",
                 "medium": "http://img3.douban.com/view/movie_poster_cover/spst/public/p2325586694.jpg"
                 },
                 "alt": "https://movie.douban.com/subject/7161697/",
                 "id": "7161697"
                 },
                 {
                 "rating": {
                 "max": 10,
                 "average": 3.4,
                 "stars": "20",
                 "min": 0
                 },
                 "genres": [
                            "悬疑"
                            ],
                 "title": "夺命推理",
                 "casts": [
                           {
                           "alt": "https://movie.douban.com/celebrity/1356833/",
                           "avatars": {
                           "small": "http://img3.doubanio.com/f/movie/ca527386eb8c4e325611e22dfcb04cc116d6b423/pics/movie/celebrity-default-small.png",
                           "large": "http://img3.douban.com/f/movie/63acc16ca6309ef191f0378faf793d1096a3e606/pics/movie/celebrity-default-large.png",
                           "medium": "http://img3.doubanio.com/f/movie/8dd0c794499fe925ae2ae89ee30cd225750457b4/pics/movie/celebrity-default-medium.png"
                           },
                           "name": "李琦",
                           "id": "1356833"
                           },
                           {
                           "alt": "https://movie.douban.com/celebrity/1319114/",
                           "avatars": {
                           "small": "http://img3.douban.com/img/celebrity/small/50062.jpg",
                           "large": "http://img3.douban.com/img/celebrity/large/50062.jpg",
                           "medium": "http://img3.douban.com/img/celebrity/medium/50062.jpg"
                           },
                           "name": "尹航",
                           "id": "1319114"
                           },
                           {
                           "alt": "https://movie.douban.com/celebrity/1356778/",
                           "avatars": {
                           "small": "http://img3.doubanio.com/f/movie/ca527386eb8c4e325611e22dfcb04cc116d6b423/pics/movie/celebrity-default-small.png",
                           "large": "http://img3.douban.com/f/movie/63acc16ca6309ef191f0378faf793d1096a3e606/pics/movie/celebrity-default-large.png",
                           "medium": "http://img3.doubanio.com/f/movie/8dd0c794499fe925ae2ae89ee30cd225750457b4/pics/movie/celebrity-default-medium.png"
                           },
                           "name": "宁楠",
                           "id": "1356778"
                           }
                           ],
                 "collect_count": 44,
                 "original_title": "夺命推理",
                 "subtype": "movie",
                 "directors": [
                               {
                               "alt": "https://movie.douban.com/celebrity/1334489/",
                               "avatars": {
                               "small": "http://img3.doubanio.com/img/celebrity/small/1380255356.09.jpg",
                               "large": "http://img3.doubanio.com/img/celebrity/large/1380255356.09.jpg",
                               "medium": "http://img3.doubanio.com/img/celebrity/medium/1380255356.09.jpg"
                               },
                               "name": "徐捷",
                               "id": "1334489"
                               }
                               ],
                 "year": "2016",
                 "images": {
                 "small": "http://img3.douban.com/view/movie_poster_cover/ipst/public/p2332124951.jpg",
                 "large": "http://img3.douban.com/view/movie_poster_cover/lpst/public/p2332124951.jpg",
                 "medium": "http://img3.douban.com/view/movie_poster_cover/spst/public/p2332124951.jpg"
                 },
                 "alt": "https://movie.douban.com/subject/26769734/",
                 "id": "26769734"
                 },
                 {
                 "rating": {
                 "max": 10,
                 "average": 2.9,
                 "stars": "15",
                 "min": 0
                 },
                 "genres": [
                            "惊悚"
                            ],
                 "title": "隔壁惊魂",
                 "casts": [
                           {
                           "alt": "https://movie.douban.com/celebrity/1356408/",
                           "avatars": {
                           "small": "http://img3.doubanio.com/f/movie/ca527386eb8c4e325611e22dfcb04cc116d6b423/pics/movie/celebrity-default-small.png",
                           "large": "http://img3.douban.com/f/movie/63acc16ca6309ef191f0378faf793d1096a3e606/pics/movie/celebrity-default-large.png",
                           "medium": "http://img3.doubanio.com/f/movie/8dd0c794499fe925ae2ae89ee30cd225750457b4/pics/movie/celebrity-default-medium.png"
                           },
                           "name": "李左飞",
                           "id": "1356408"
                           },
                           {
                           "alt": "https://movie.douban.com/celebrity/1356409/",
                           "avatars": {
                           "small": "http://img3.doubanio.com/f/movie/ca527386eb8c4e325611e22dfcb04cc116d6b423/pics/movie/celebrity-default-small.png",
                           "large": "http://img3.douban.com/f/movie/63acc16ca6309ef191f0378faf793d1096a3e606/pics/movie/celebrity-default-large.png",
                           "medium": "http://img3.doubanio.com/f/movie/8dd0c794499fe925ae2ae89ee30cd225750457b4/pics/movie/celebrity-default-medium.png"
                           },
                           "name": "曹子辰",
                           "id": "1356409"
                           },
                           {
                           "alt": "https://movie.douban.com/celebrity/1356410/",
                           "avatars": {
                           "small": "http://img3.doubanio.com/f/movie/ca527386eb8c4e325611e22dfcb04cc116d6b423/pics/movie/celebrity-default-small.png",
                           "large": "http://img3.douban.com/f/movie/63acc16ca6309ef191f0378faf793d1096a3e606/pics/movie/celebrity-default-large.png",
                           "medium": "http://img3.doubanio.com/f/movie/8dd0c794499fe925ae2ae89ee30cd225750457b4/pics/movie/celebrity-default-medium.png"
                           },
                           "name": "石雨晴",
                           "id": "1356410"
                           }
                           ],
                 "collect_count": 120,
                 "original_title": "隔壁惊魂",
                 "subtype": "movie",
                 "directors": [
                               {
                               "alt": "https://movie.douban.com/celebrity/1329269/",
                               "avatars": {
                               "small": "http://img3.doubanio.com/img/celebrity/small/1371504300.86.jpg",
                               "large": "http://img3.doubanio.com/img/celebrity/large/1371504300.86.jpg",
                               "medium": "http://img3.doubanio.com/img/celebrity/medium/1371504300.86.jpg"
                               },
                               "name": "邢博",
                               "id": "1329269"
                               }
                               ],
                 "year": "2016",
                 "images": {
                 "small": "http://img3.douban.com/view/movie_poster_cover/ipst/public/p2328745784.jpg",
                 "large": "http://img3.douban.com/view/movie_poster_cover/lpst/public/p2328745784.jpg",
                 "medium": "http://img3.douban.com/view/movie_poster_cover/spst/public/p2328745784.jpg"
                 },
                 "alt": "https://movie.douban.com/subject/26745066/",
                 "id": "26745066"
                 },
                 {
                 "rating": {
                 "max": 10,
                 "average": 7,
                 "stars": "35",
                 "min": 0
                 },
                 "genres": [
                            "喜剧",
                            "动作"
                            ],
                 "title": "厨子戏子痞子",
                 "casts": [
                           {
                           "alt": "https://movie.douban.com/celebrity/1000572/",
                           "avatars": {
                           "small": "http://img3.douban.com/img/celebrity/small/43.jpg",
                           "large": "http://img3.douban.com/img/celebrity/large/43.jpg",
                           "medium": "http://img3.douban.com/img/celebrity/medium/43.jpg"
                           },
                           "name": "刘烨",
                           "id": "1000572"
                           },
                           {
                           "alt": "https://movie.douban.com/celebrity/1274319/",
                           "avatars": {
                           "small": "http://img3.doubanio.com/img/celebrity/small/49047.jpg",
                           "large": "http://img3.doubanio.com/img/celebrity/large/49047.jpg",
                           "medium": "http://img3.doubanio.com/img/celebrity/medium/49047.jpg"
                           },
                           "name": "张涵予",
                           "id": "1274319"
                           },
                           {
                           "alt": "https://movie.douban.com/celebrity/1274242/",
                           "avatars": {
                           "small": "http://img3.doubanio.com/img/celebrity/small/1656.jpg",
                           "large": "http://img3.doubanio.com/img/celebrity/large/1656.jpg",
                           "medium": "http://img3.doubanio.com/img/celebrity/medium/1656.jpg"
                           },
                           "name": "黄渤",
                           "id": "1274242"
                           }
                           ],
                 "collect_count": 166740,
                 "original_title": "厨子戏子痞子",
                 "subtype": "movie",
                 "directors": [
                               {
                               "alt": "https://movie.douban.com/celebrity/1274919/",
                               "avatars": {
                               "small": "http://img3.douban.com/img/celebrity/small/8171.jpg",
                               "large": "http://img3.douban.com/img/celebrity/large/8171.jpg",
                               "medium": "http://img3.douban.com/img/celebrity/medium/8171.jpg"
                               },
                               "name": "管虎",
                               "id": "1274919"
                               }
                               ],
                 "year": "2013",
                 "images": {
                 "small": "http://img3.douban.com/view/movie_poster_cover/ipst/public/p1903751875.jpg",
                 "large": "http://img3.douban.com/view/movie_poster_cover/lpst/public/p1903751875.jpg",
                 "medium": "http://img3.douban.com/view/movie_poster_cover/spst/public/p1903751875.jpg"
                 },
                 "alt": "https://movie.douban.com/subject/6011806/",
                 "id": "6011806"
                 }
                 ],
    "title": "正在上映的电影-北京"
}