[ {
  "id" : 1491520,
  "type" : 0,
  "title" : "科幻大作《全面回忆》全新预告片发布",
  "summary" : "",
  "image" : "http://img31.mtime.cn/mg/2012/06/28/100820.21812355.jpg"
  },
 {
 "id": "1764796",
 "type" : 1,
  "image" : "https://img1.doubanio.com/view/movie_poster_cover/spst/public/p494268647.jpg",
 "title": "机器人9号",
 "summary": "机器人9号（伊利亚•伍德 Elijah Wood 饰）突然醒来，发现身边的世界充满危机，四处残败，一片末世景象。9号带着一个画有三个奇怪符号的圆形物体逃到街上，幸遇发明家机器人2号（马丁•兰道 Martin Landau 饰）给自己装上了声音，但2号却不幸被机器怪兽抓走。9号找到了老兵1号（克里斯托弗•普卢默 Christopher Plummer 饰）、机械工5号（约翰•雷利 John C. Reilly 饰）、疯癫画家6号（克里斯品•格拉夫 Crispin Glover 饰）和大力士8号（弗雷德•塔塔绍尔 Fred Tatasciore 饰）。9号与5号擅自出行援救2号，危急时被女武士7号（詹妮佛•康纳利 Jennifer Connelly 饰）救下，但无意中9号却令终极机器兽复活。带着自己从哪里来以及生存使命的问题，9号决定想尽办法制服机器兽，拯救全世界……©豆瓣"
  },
 {
 "id": "1764798",
  "type" : 0,
  "image" : "https://img1.doubanio.com/mpic/s1946468.jpg",
 "title": "黑神锅传奇",
 "summary": "《黑神锅传奇》The Black Cauldron (Disney Gold Classic Collection) (1985)是迪斯尼经典动画里最另类的一部作品。剧情叙述一位名叫塔兰(Taran)的少年，为了维护家乡和平，而与魔王The Horned King对抗，阻止其利用黑神锅的魔力危害世人。本片也是迪士尼动画第一次利用计算机来辅助拍摄，不过只有短短几个画面而已。\n本片在某些地区上映时采用另一片名“Taran and the Magic Cauldron”，而且片中有一些迪士尼动画里少见的血腥画面，与以往迪士尼动画风格似乎有些不同，因此本片被定位为只针对青少年观众，迥异于其他适合阖家观赏的迪士尼电影。本片也是迪士尼动画第一次藉由电脑来辅助拍摄，不过只有短短几个画面而已，到了隔年的《妙妙探》，迪士尼才第一次用电脑制作出一个独立的场景。本片是迪士尼经典动画里最另类的一部作品，因为走的不是传统家庭路线，故迪士尼对本片是否要推出录影带一直心存观望，况且还有一些版权等的争议…不过经过内部几番沟通后，本片终于在1997年底首度在英国发行录影带，但是心细的影迷立刻发现有几幕被删掉了！为此还向迪士尼提出抗议…至于美国则在1998年首度发行录影带，发行的则是当初完整的版本。"  },
 {
 "id": 1764800,
  "type" : 1,
  "image" : "https://img1.doubanio.com/mpic/s3401232.jpg",
 "title": "亲爱的克拉拉",
 "summary": "故事发生在十九世纪的德国，文艺复兴和浪漫主义的狂潮席卷而来，举国上下都弥漫着激烈而又狂热的气氛。克拉拉（马蒂娜·戈黛特 Martina Gedeck 饰）就生活在这样一种充满了艺术气息的环境中。克拉拉是一名音乐艺术家，成名很早的她年仅11岁便举行了自己的独奏会。\n在和舒曼（帕斯卡·格里高利 Pascal Greggory 饰）结婚后，克拉拉举家迁往了杜塞尔多夫定居，在那里，克拉拉和勃拉姆斯（马立克·兹迪 Malik Zidi 饰）相遇了。对于克拉拉来说，婚后的生活并不如意，经济的拮据和多病的丈夫让她肩负着巨大的压力，而克拉拉对于音乐的热爱又不允许她将其放弃全身心的投入到家庭之中。在分裂而又痛苦的生活中，只有勃拉姆斯的存在能够让她感到温暖和快乐。©豆瓣"  },
 {
  "id" : 1491539,
  "type" : 0,
  "image" : "http://img31.mtime.cn/mg/2012/06/28/102611.94434483.jpg",
  "title" : "阿汤哥加盟翻拍版\"范海辛\"",
  "summary" : "汤姆·克鲁斯,艾里克斯·库兹曼,范海辛"
  }, {
  "id" : 1491532,
  "type" : 1,
  "image" : "http://img31.mtime.cn/mg/2012/06/28/104511.59257202.jpg",
  "title" : "汤姆·克鲁斯新片首曝造型",
  "summary" : "汤姆·克鲁斯,杰克·理查尔,剧照"
  }, {
  "id" : 1491534,
  "type" : 1,
  "image" : "http://img31.mtime.cn/mg/2012/06/28/100504.62534452.jpg",
  "title" : "《画皮Ⅱ》今日全线公映",
  "summary" : "画皮II,陈国富,乌尔善"
  }, {
  "id" : 1491535,
  "type" : 0,
  "image" : "http://img31.mtime.cn/mg/2012/06/28/095518.44804954.jpg",
  "title" : "《华尔街之狼》将拍数字2D",
  "summary" : "马丁·斯科塞斯,华尔街之狼,胶片"
  }, {
  "id" : 1491533,
  "type" : 0,
  "image" : "http://img31.mtime.cn/mg/2012/06/28/094145.38984693.jpg",
  "title" : "成龙加盟英语喜剧动作新作",
  "summary" : "成龙,Jay Longino,十二生肖"
  }, {
  "id" : 1491518,
  "type" : 1,
  "image" : "http://img31.mtime.cn/mg/2012/06/28/090602.27750699.jpg",
  "title" : "《搜索》王珞丹特辑",
  "summary" : "搜索,陈凯歌,王珞丹"
  }, {
  "id" : 1491521,
  "type" : 0,
  "image" : "http://img31.mtime.cn/mg/2012/06/28/085417.84177890.jpg",
  "title" : "《痞子英雄》导演揭秘幕后",
  "summary" : "痞子英雄,电影版,赵又廷"
  }, {
  "id" : 1491520,
  "type" : 2,
  "image" : "http://img31.mtime.cn/mg/2012/06/28/095602.99725783.jpg",
  "title" : "《全面回忆》新款预告片",
  "summary" : "全面回忆,柯林·法瑞尔,凯特·贝金赛尔"
  }, {
  "id" : 1491517,
  "type" : 1,
  "image" : "http://img31.mtime.cn/mg/2012/06/28/091813.23914547.jpg",
  "title" : "《四大名捕》发终极海报",
  "summary" : "四大名捕,陈嘉上,刘亦菲"
  }, {
  "id" : 1491516,
  "type" : 0,
  "image" : "http://img31.mtime.cn/mg/2012/06/28/025149.84093940.jpg",
  "title" : "《画皮Ⅱ》零点首映",
  "summary" : "画皮Ⅱ,周迅,王中磊"
  }, {
  "id" : 1491512,
  "type" : 0,
  "image" : "http://img31.mtime.cn/mg/2012/06/27/195228.11026579.jpg",
  "title" : "《大武当》媒体观影武戏获赞",
  "summary" : "大武当,媒体观影,杨幂"
  }]