{
    "count": 20,
    "start": 0,
    "total": 250,
    "subjects": [
                 {
                 "rating": {
                 "max": 10,
                 "average": 9.6,
                 "stars": "50",
                 "min": 0
                 },
                 "genres": [
                            "犯罪",
                            "剧情"
                            ],
                 "title": "肖申克的救赎",
                 "casts": [
                           {
                           "alt": "http://movie.douban.com/celebrity/1054521/",
                           "avatars": {
                           "small": "https://img3.doubanio.com/img/celebrity/small/17525.jpg",
                           "large": "https://img3.doubanio.com/img/celebrity/large/17525.jpg",
                           "medium": "https://img3.doubanio.com/img/celebrity/medium/17525.jpg"
                           },
                           "name": "蒂姆·罗宾斯",
                           "id": "1054521"
                           },
                           {
                           "alt": "http://movie.douban.com/celebrity/1054534/",
                           "avatars": {
                           "small": "https://img1.doubanio.com/img/celebrity/small/34642.jpg",
                           "large": "https://img1.doubanio.com/img/celebrity/large/34642.jpg",
                           "medium": "https://img1.doubanio.com/img/celebrity/medium/34642.jpg"
                           },
                           "name": "摩根·弗里曼",
                           "id": "1054534"
                           },
                           {
                           "alt": "http://movie.douban.com/celebrity/1041179/",
                           "avatars": {
                           "small": "https://img1.doubanio.com/img/celebrity/small/5837.jpg",
                           "large": "https://img1.doubanio.com/img/celebrity/large/5837.jpg",
                           "medium": "https://img1.doubanio.com/img/celebrity/medium/5837.jpg"
                           },
                           "name": "鲍勃·冈顿",
                           "id": "1041179"
                           }
                           ],
                 "collect_count": 907619,
                 "original_title": "The Shawshank Redemption",
                 "subtype": "movie",
                 "directors": [
                               {
                               "alt": "http://movie.douban.com/celebrity/1047973/",
                               "avatars": {
                               "small": "https://img3.doubanio.com/img/celebrity/small/230.jpg",
                               "large": "https://img3.doubanio.com/img/celebrity/large/230.jpg",
                               "medium": "https://img3.doubanio.com/img/celebrity/medium/230.jpg"
                               },
                               "name": "弗兰克·德拉邦特",
                               "id": "1047973"
                               }
                               ],
                 "year": "1994",
                 "images": {
                 "small": "https://img1.doubanio.com/view/movie_poster_cover/ipst/public/p480747492.jpg",
                 "large": "https://img1.doubanio.com/view/movie_poster_cover/lpst/public/p480747492.jpg",
                 "medium": "https://img1.doubanio.com/view/movie_poster_cover/spst/public/p480747492.jpg"
                 },
                 "alt": "http://movie.douban.com/subject/1292052/",
                 "id": "1292052"
                 },
                 {
                 "rating": {
                 "max": 10,
                 "average": 9.4,
                 "stars": "50",
                 "min": 0
                 },
                 "genres": [
                            "剧情",
                            "动作",
                            "犯罪"
                            ],
                 "title": "这个杀手不太冷",
                 "casts": [
                           {
                           "alt": "http://movie.douban.com/celebrity/1025182/",
                           "avatars": {
                           "small": "https://img1.doubanio.com/img/celebrity/small/8833.jpg",
                           "large": "https://img1.doubanio.com/img/celebrity/large/8833.jpg",
                           "medium": "https://img1.doubanio.com/img/celebrity/medium/8833.jpg"
                           },
                           "name": "让·雷诺",
                           "id": "1025182"
                           },
                           {
                           "alt": "http://movie.douban.com/celebrity/1054454/",
                           "avatars": {
                           "small": "https://img1.doubanio.com/img/celebrity/small/2274.jpg",
                           "large": "https://img1.doubanio.com/img/celebrity/large/2274.jpg",
                           "medium": "https://img1.doubanio.com/img/celebrity/medium/2274.jpg"
                           },
                           "name": "娜塔莉·波特曼",
                           "id": "1054454"
                           },
                           {
                           "alt": "http://movie.douban.com/celebrity/1010507/",
                           "avatars": {
                           "small": "https://img1.doubanio.com/img/celebrity/small/104.jpg",
                           "large": "https://img1.doubanio.com/img/celebrity/large/104.jpg",
                           "medium": "https://img1.doubanio.com/img/celebrity/medium/104.jpg"
                           },
                           "name": "加里·奥德曼",
                           "id": "1010507"
                           }
                           ],
                 "collect_count": 872513,
                 "original_title": "Léon",
                 "subtype": "movie",
                 "directors": [
                               {
                               "alt": "http://movie.douban.com/celebrity/1031876/",
                               "avatars": {
                               "small": "https://img3.doubanio.com/img/celebrity/small/47146.jpg",
                               "large": "https://img3.doubanio.com/img/celebrity/large/47146.jpg",
                               "medium": "https://img3.doubanio.com/img/celebrity/medium/47146.jpg"
                               },
                               "name": "吕克·贝松",
                               "id": "1031876"
                               }
                               ],
                 "year": "1994",
                 "images": {
                 "small": "https://img3.doubanio.com/view/movie_poster_cover/ipst/public/p511118051.jpg",
                 "large": "https://img3.doubanio.com/view/movie_poster_cover/lpst/public/p511118051.jpg",
                 "medium": "https://img3.doubanio.com/view/movie_poster_cover/spst/public/p511118051.jpg"
                 },
                 "alt": "http://movie.douban.com/subject/1295644/",
                 "id": "1295644"
                 },
                 {
                 "rating": {
                 "max": 10,
                 "average": 9.4,
                 "stars": "50",
                 "min": 0
                 },
                 "genres": [
                            "剧情",
                            "爱情"
                            ],
                 "title": "阿甘正传",
                 "casts": [
                           {
                           "alt": "http://movie.douban.com/celebrity/1054450/",
                           "avatars": {
                           "small": "https://img3.doubanio.com/img/celebrity/small/551.jpg",
                           "large": "https://img3.doubanio.com/img/celebrity/large/551.jpg",
                           "medium": "https://img3.doubanio.com/img/celebrity/medium/551.jpg"
                           },
                           "name": "汤姆·汉克斯",
                           "id": "1054450"
                           },
                           {
                           "alt": "http://movie.douban.com/celebrity/1002676/",
                           "avatars": {
                           "small": "https://img1.doubanio.com/img/celebrity/small/51737.jpg",
                           "large": "https://img1.doubanio.com/img/celebrity/large/51737.jpg",
                           "medium": "https://img1.doubanio.com/img/celebrity/medium/51737.jpg"
                           },
                           "name": "罗宾·怀特",
                           "id": "1002676"
                           },
                           {
                           "alt": "http://movie.douban.com/celebrity/1031848/",
                           "avatars": {
                           "small": "https://img3.doubanio.com/img/celebrity/small/1345.jpg",
                           "large": "https://img3.doubanio.com/img/celebrity/large/1345.jpg",
                           "medium": "https://img3.doubanio.com/img/celebrity/medium/1345.jpg"
                           },
                           "name": "加里·西尼斯",
                           "id": "1031848"
                           }
                           ],
                 "collect_count": 794798,
                 "original_title": "Forrest Gump",
                 "subtype": "movie",
                 "directors": [
                               {
                               "alt": "http://movie.douban.com/celebrity/1053564/",
                               "avatars": {
                               "small": "https://img3.doubanio.com/img/celebrity/small/505.jpg",
                               "large": "https://img3.doubanio.com/img/celebrity/large/505.jpg",
                               "medium": "https://img3.doubanio.com/img/celebrity/medium/505.jpg"
                               },
                               "name": "罗伯特·泽米吉斯",
                               "id": "1053564"
                               }
                               ],
                 "year": "1994",
                 "images": {
                 "small": "https://img1.doubanio.com/view/movie_poster_cover/ipst/public/p510876377.jpg",
                 "large": "https://img1.doubanio.com/view/movie_poster_cover/lpst/public/p510876377.jpg",
                 "medium": "https://img1.doubanio.com/view/movie_poster_cover/spst/public/p510876377.jpg"
                 },
                 "alt": "http://movie.douban.com/subject/1292720/",
                 "id": "1292720"
                 },
                 {
                 "rating": {
                 "max": 10,
                 "average": 9.4,
                 "stars": "50",
                 "min": 0
                 },
                 "genres": [
                            "剧情",
                            "爱情",
                            "同性"
                            ],
                 "title": "霸王别姬",
                 "casts": [
                           {
                           "alt": "http://movie.douban.com/celebrity/1003494/",
                           "avatars": {
                           "small": "https://img1.doubanio.com/img/celebrity/small/67.jpg",
                           "large": "https://img1.doubanio.com/img/celebrity/large/67.jpg",
                           "medium": "https://img1.doubanio.com/img/celebrity/medium/67.jpg"
                           },
                           "name": "张国荣",
                           "id": "1003494"
                           },
                           {
                           "alt": "http://movie.douban.com/celebrity/1050265/",
                           "avatars": {
                           "small": "https://img3.doubanio.com/img/celebrity/small/10381.jpg",
                           "large": "https://img3.doubanio.com/img/celebrity/large/10381.jpg",
                           "medium": "https://img3.doubanio.com/img/celebrity/medium/10381.jpg"
                           },
                           "name": "张丰毅",
                           "id": "1050265"
                           },
                           {
                           "alt": "http://movie.douban.com/celebrity/1035641/",
                           "avatars": {
                           "small": "https://img1.doubanio.com/img/celebrity/small/1399268395.47.jpg",
                           "large": "https://img1.doubanio.com/img/celebrity/large/1399268395.47.jpg",
                           "medium": "https://img1.doubanio.com/img/celebrity/medium/1399268395.47.jpg"
                           },
                           "name": "巩俐",
                           "id": "1035641"
                           }
                           ],
                 "collect_count": 623626,
                 "original_title": "霸王别姬",
                 "subtype": "movie",
                 "directors": [
                               {
                               "alt": "http://movie.douban.com/celebrity/1023040/",
                               "avatars": {
                               "small": "https://img3.doubanio.com/img/celebrity/small/750.jpg",
                               "large": "https://img3.doubanio.com/img/celebrity/large/750.jpg",
                               "medium": "https://img3.doubanio.com/img/celebrity/medium/750.jpg"
                               },
                               "name": "陈凯歌",
                               "id": "1023040"
                               }
                               ],
                 "year": "1993",
                 "images": {
                 "small": "https://img3.doubanio.com/view/movie_poster_cover/ipst/public/p1910813120.jpg",
                 "large": "https://img3.doubanio.com/view/movie_poster_cover/lpst/public/p1910813120.jpg",
                 "medium": "https://img3.doubanio.com/view/movie_poster_cover/spst/public/p1910813120.jpg"
                 },
                 "alt": "http://movie.douban.com/subject/1291546/",
                 "id": "1291546"
                 },
                 {
                 "rating": {
                 "max": 10,
                 "average": 9.5,
                 "stars": "50",
                 "min": 0
                 },
                 "genres": [
                            "剧情",
                            "喜剧",
                            "爱情"
                            ],
                 "title": "美丽人生",
                 "casts": [
                           {
                           "alt": "http://movie.douban.com/celebrity/1041004/",
                           "avatars": {
                           "small": "https://img1.doubanio.com/img/celebrity/small/26764.jpg",
                           "large": "https://img1.doubanio.com/img/celebrity/large/26764.jpg",
                           "medium": "https://img1.doubanio.com/img/celebrity/medium/26764.jpg"
                           },
                           "name": "罗伯托·贝尼尼",
                           "id": "1041004"
                           },
                           {
                           "alt": "http://movie.douban.com/celebrity/1000375/",
                           "avatars": {
                           "small": "https://img1.doubanio.com/img/celebrity/small/9548.jpg",
                           "large": "https://img1.doubanio.com/img/celebrity/large/9548.jpg",
                           "medium": "https://img1.doubanio.com/img/celebrity/medium/9548.jpg"
                           },
                           "name": "尼可莱塔·布拉斯基",
                           "id": "1000375"
                           },
                           {
                           "alt": "http://movie.douban.com/celebrity/1000368/",
                           "avatars": {
                           "small": "https://img3.doubanio.com/img/celebrity/small/45590.jpg",
                           "large": "https://img3.doubanio.com/img/celebrity/large/45590.jpg",
                           "medium": "https://img3.doubanio.com/img/celebrity/medium/45590.jpg"
                           },
                           "name": "乔治·坎塔里尼",
                           "id": "1000368"
                           }
                           ],
                 "collect_count": 425355,
                 "original_title": "La vita è bella",
                 "subtype": "movie",
                 "directors": [
                               {
                               "alt": "http://movie.douban.com/celebrity/1041004/",
                               "avatars": {
                               "small": "https://img1.doubanio.com/img/celebrity/small/26764.jpg",
                               "large": "https://img1.doubanio.com/img/celebrity/large/26764.jpg",
                               "medium": "https://img1.doubanio.com/img/celebrity/medium/26764.jpg"
                               },
                               "name": "罗伯托·贝尼尼",
                               "id": "1041004"
                               }
                               ],
                 "year": "1997",
                 "images": {
                 "small": "https://img1.doubanio.com/view/movie_poster_cover/ipst/public/p510861873.jpg",
                 "large": "https://img1.doubanio.com/view/movie_poster_cover/lpst/public/p510861873.jpg",
                 "medium": "https://img1.doubanio.com/view/movie_poster_cover/spst/public/p510861873.jpg"
                 },
                 "alt": "http://movie.douban.com/subject/1292063/",
                 "id": "1292063"
                 },
                 {
                 "rating": {
                 "max": 10,
                 "average": 9.4,
                 "stars": "50",
                 "min": 0
                 },
                 "genres": [
                            "剧情",
                            "历史",
                            "战争"
                            ],
                 "title": "辛德勒的名单",
                 "casts": [
                           {
                           "alt": "http://movie.douban.com/celebrity/1031220/",
                           "avatars": {
                           "small": "https://img3.doubanio.com/img/celebrity/small/44906.jpg",
                           "large": "https://img3.doubanio.com/img/celebrity/large/44906.jpg",
                           "medium": "https://img3.doubanio.com/img/celebrity/medium/44906.jpg"
                           },
                           "name": "连姆·尼森",
                           "id": "1031220"
                           },
                           {
                           "alt": "http://movie.douban.com/celebrity/1054393/",
                           "avatars": {
                           "small": "https://img1.doubanio.com/img/celebrity/small/1374649659.58.jpg",
                           "large": "https://img1.doubanio.com/img/celebrity/large/1374649659.58.jpg",
                           "medium": "https://img1.doubanio.com/img/celebrity/medium/1374649659.58.jpg"
                           },
                           "name": "本·金斯利",
                           "id": "1054393"
                           },
                           {
                           "alt": "http://movie.douban.com/celebrity/1006956/",
                           "avatars": {
                           "small": "https://img3.doubanio.com/img/celebrity/small/28941.jpg",
                           "large": "https://img3.doubanio.com/img/celebrity/large/28941.jpg",
                           "medium": "https://img3.doubanio.com/img/celebrity/medium/28941.jpg"
                           },
                           "name": "拉尔夫·费因斯",
                           "id": "1006956"
                           }
                           ],
                 "collect_count": 413566,
                 "original_title": "Schindler's List",
                 "subtype": "movie",
                 "directors": [
                               {
                               "alt": "http://movie.douban.com/celebrity/1054440/",
                               "avatars": {
                               "small": "https://img1.doubanio.com/img/celebrity/small/34602.jpg",
                               "large": "https://img1.doubanio.com/img/celebrity/large/34602.jpg",
                               "medium": "https://img1.doubanio.com/img/celebrity/medium/34602.jpg"
                               },
                               "name": "史蒂文·斯皮尔伯格",
                               "id": "1054440"
                               }
                               ],
                 "year": "1993",
                 "images": {
                 "small": "https://img1.doubanio.com/view/movie_poster_cover/ipst/public/p492406163.jpg",
                 "large": "https://img1.doubanio.com/view/movie_poster_cover/lpst/public/p492406163.jpg",
                 "medium": "https://img1.doubanio.com/view/movie_poster_cover/spst/public/p492406163.jpg"
                 },
                 "alt": "http://movie.douban.com/subject/1295124/",
                 "id": "1295124"
                 },
                 {
                 "rating": {
                 "max": 10,
                 "average": 9.2,
                 "stars": "45",
                 "min": 0
                 },
                 "genres": [
                            "剧情",
                            "动画",
                            "奇幻"
                            ],
                 "title": "千与千寻",
                 "casts": [
                           {
                           "alt": "http://movie.douban.com/celebrity/1023337/",
                           "avatars": {
                           "small": "https://img3.doubanio.com/img/celebrity/small/19145.jpg",
                           "large": "https://img3.doubanio.com/img/celebrity/large/19145.jpg",
                           "medium": "https://img3.doubanio.com/img/celebrity/medium/19145.jpg"
                           },
                           "name": "柊瑠美",
                           "id": "1023337"
                           },
                           {
                           "alt": "http://movie.douban.com/celebrity/1005438/",
                           "avatars": {
                           "small": "https://img3.doubanio.com/img/celebrity/small/44986.jpg",
                           "large": "https://img3.doubanio.com/img/celebrity/large/44986.jpg",
                           "medium": "https://img3.doubanio.com/img/celebrity/medium/44986.jpg"
                           },
                           "name": "入野自由",
                           "id": "1005438"
                           },
                           {
                           "alt": "http://movie.douban.com/celebrity/1045797/",
                           "avatars": {
                           "small": "https://img3.doubanio.com/img/celebrity/small/18785.jpg",
                           "large": "https://img3.doubanio.com/img/celebrity/large/18785.jpg",
                           "medium": "https://img3.doubanio.com/img/celebrity/medium/18785.jpg"
                           },
                           "name": "夏木真理",
                           "id": "1045797"
                           }
                           ],
                 "collect_count": 694471,
                 "original_title": "千と千尋の神隠し",
                 "subtype": "movie",
                 "directors": [
                               {
                               "alt": "http://movie.douban.com/celebrity/1054439/",
                               "avatars": {
                               "small": "https://img3.doubanio.com/img/celebrity/small/616.jpg",
                               "large": "https://img3.doubanio.com/img/celebrity/large/616.jpg",
                               "medium": "https://img3.doubanio.com/img/celebrity/medium/616.jpg"
                               },
                               "name": "宫崎骏",
                               "id": "1054439"
                               }
                               ],
                 "year": "2001",
                 "images": {
                 "small": "https://img3.doubanio.com/view/movie_poster_cover/ipst/public/p1910830216.jpg",
                 "large": "https://img3.doubanio.com/view/movie_poster_cover/lpst/public/p1910830216.jpg",
                 "medium": "https://img3.doubanio.com/view/movie_poster_cover/spst/public/p1910830216.jpg"
                 },
                 "alt": "http://movie.douban.com/subject/1291561/",
                 "id": "1291561"
                 },
                 {
                 "rating": {
                 "max": 10,
                 "average": 9.2,
                 "stars": "45",
                 "min": 0
                 },
                 "genres": [
                            "剧情",
                            "音乐"
                            ],
                 "title": "海上钢琴师",
                 "casts": [
                           {
                           "alt": "http://movie.douban.com/celebrity/1025176/",
                           "avatars": {
                           "small": "https://img3.doubanio.com/img/celebrity/small/6281.jpg",
                           "large": "https://img3.doubanio.com/img/celebrity/large/6281.jpg",
                           "medium": "https://img3.doubanio.com/img/celebrity/medium/6281.jpg"
                           },
                           "name": "蒂姆·罗斯",
                           "id": "1025176"
                           },
                           {
                           "alt": "http://movie.douban.com/celebrity/1010659/",
                           "avatars": {
                           "small": "https://img3.doubanio.com/img/celebrity/small/1355152571.6.jpg",
                           "large": "https://img3.doubanio.com/img/celebrity/large/1355152571.6.jpg",
                           "medium": "https://img3.doubanio.com/img/celebrity/medium/1355152571.6.jpg"
                           },
                           "name": "普路特·泰勒·文斯",
                           "id": "1010659"
                           },
                           {
                           "alt": "http://movie.douban.com/celebrity/1027407/",
                           "avatars": {
                           "small": "https://img1.doubanio.com/img/celebrity/small/12333.jpg",
                           "large": "https://img1.doubanio.com/img/celebrity/large/12333.jpg",
                           "medium": "https://img1.doubanio.com/img/celebrity/medium/12333.jpg"
                           },
                           "name": "比尔·努恩",
                           "id": "1027407"
                           }
                           ],
                 "collect_count": 668508,
                 "original_title": "La leggenda del pianista sull'oceano",
                 "subtype": "movie",
                 "directors": [
                               {
                               "alt": "http://movie.douban.com/celebrity/1018983/",
                               "avatars": {
                               "small": "https://img3.doubanio.com/img/celebrity/small/195.jpg",
                               "large": "https://img3.doubanio.com/img/celebrity/large/195.jpg",
                               "medium": "https://img3.doubanio.com/img/celebrity/medium/195.jpg"
                               },
                               "name": "朱塞佩·托纳多雷",
                               "id": "1018983"
                               }
                               ],
                 "year": "1998",
                 "images": {
                 "small": "https://img1.doubanio.com/view/movie_poster_cover/ipst/public/p511146957.jpg",
                 "large": "https://img1.doubanio.com/view/movie_poster_cover/lpst/public/p511146957.jpg",
                 "medium": "https://img1.doubanio.com/view/movie_poster_cover/spst/public/p511146957.jpg"
                 },
                 "alt": "http://movie.douban.com/subject/1292001/",
                 "id": "1292001"
                 },
                 {
                 "rating": {
                 "max": 10,
                 "average": 9.3,
                 "stars": "50",
                 "min": 0
                 },
                 "genres": [
                            "喜剧",
                            "爱情",
                            "科幻"
                            ],
                 "title": "机器人总动员",
                 "casts": [
                           {
                           "alt": "http://movie.douban.com/celebrity/1009535/",
                           "avatars": {
                           "small": "https://img1.doubanio.com/img/celebrity/small/13028.jpg",
                           "large": "https://img1.doubanio.com/img/celebrity/large/13028.jpg",
                           "medium": "https://img1.doubanio.com/img/celebrity/medium/13028.jpg"
                           },
                           "name": "本·贝尔特",
                           "id": "1009535"
                           },
                           {
                           "alt": "http://movie.douban.com/celebrity/1000389/",
                           "avatars": {
                           "small": "https://img3.doubanio.com/img/celebrity/small/1365856130.16.jpg",
                           "large": "https://img3.doubanio.com/img/celebrity/large/1365856130.16.jpg",
                           "medium": "https://img3.doubanio.com/img/celebrity/medium/1365856130.16.jpg"
                           },
                           "name": "艾丽莎·奈特",
                           "id": "1000389"
                           },
                           {
                           "alt": "http://movie.douban.com/celebrity/1018022/",
                           "avatars": {
                           "small": "https://img1.doubanio.com/img/celebrity/small/31068.jpg",
                           "large": "https://img1.doubanio.com/img/celebrity/large/31068.jpg",
                           "medium": "https://img1.doubanio.com/img/celebrity/medium/31068.jpg"
                           },
                           "name": "杰夫·格尔林",
                           "id": "1018022"
                           }
                           ],
                 "collect_count": 522756,
                 "original_title": "WALL·E",
                 "subtype": "movie",
                 "directors": [
                               {
                               "alt": "http://movie.douban.com/celebrity/1036450/",
                               "avatars": {
                               "small": "https://img1.doubanio.com/img/celebrity/small/1302.jpg",
                               "large": "https://img1.doubanio.com/img/celebrity/large/1302.jpg",
                               "medium": "https://img1.doubanio.com/img/celebrity/medium/1302.jpg"
                               },
                               "name": "安德鲁·斯坦顿",
                               "id": "1036450"
                               }
                               ],
                 "year": "2008",
                 "images": {
                 "small": "https://img1.doubanio.com/view/movie_poster_cover/ipst/public/p449665982.jpg",
                 "large": "https://img1.doubanio.com/view/movie_poster_cover/lpst/public/p449665982.jpg",
                 "medium": "https://img1.doubanio.com/view/movie_poster_cover/spst/public/p449665982.jpg"
                 },
                 "alt": "http://movie.douban.com/subject/2131459/",
                 "id": "2131459"
                 },
                 {
                 "rating": {
                 "max": 10,
                 "average": 9.2,
                 "stars": "50",
                 "min": 0
                 },
                 "genres": [
                            "剧情",
                            "动作",
                            "科幻"
                            ],
                 "title": "盗梦空间",
                 "casts": [
                           {
                           "alt": "http://movie.douban.com/celebrity/1041029/",
                           "avatars": {
                           "small": "https://img3.doubanio.com/img/celebrity/small/470.jpg",
                           "large": "https://img3.doubanio.com/img/celebrity/large/470.jpg",
                           "medium": "https://img3.doubanio.com/img/celebrity/medium/470.jpg"
                           },
                           "name": "莱昂纳多·迪卡普里奥",
                           "id": "1041029"
                           },
                           {
                           "alt": "http://movie.douban.com/celebrity/1101703/",
                           "avatars": {
                           "small": "https://img1.doubanio.com/img/celebrity/small/3517.jpg",
                           "large": "https://img1.doubanio.com/img/celebrity/large/3517.jpg",
                           "medium": "https://img1.doubanio.com/img/celebrity/medium/3517.jpg"
                           },
                           "name": "约瑟夫·高登-莱维特",
                           "id": "1101703"
                           },
                           {
                           "alt": "http://movie.douban.com/celebrity/1012520/",
                           "avatars": {
                           "small": "https://img1.doubanio.com/img/celebrity/small/118.jpg",
                           "large": "https://img1.doubanio.com/img/celebrity/large/118.jpg",
                           "medium": "https://img1.doubanio.com/img/celebrity/medium/118.jpg"
                           },
                           "name": "艾伦·佩吉",
                           "id": "1012520"
                           }
                           ],
                 "collect_count": 809334,
                 "original_title": "Inception",
                 "subtype": "movie",
                 "directors": [
                               {
                               "alt": "http://movie.douban.com/celebrity/1054524/",
                               "avatars": {
                               "small": "https://img1.doubanio.com/img/celebrity/small/673.jpg",
                               "large": "https://img1.doubanio.com/img/celebrity/large/673.jpg",
                               "medium": "https://img1.doubanio.com/img/celebrity/medium/673.jpg"
                               },
                               "name": "克里斯托弗·诺兰",
                               "id": "1054524"
                               }
                               ],
                 "year": "2010",
                 "images": {
                 "small": "https://img1.doubanio.com/view/movie_poster_cover/ipst/public/p513344864.jpg",
                 "large": "https://img1.doubanio.com/view/movie_poster_cover/lpst/public/p513344864.jpg",
                 "medium": "https://img1.doubanio.com/view/movie_poster_cover/spst/public/p513344864.jpg"
                 },
                 "alt": "http://movie.douban.com/subject/3541415/",
                 "id": "3541415"
                 },
                 {
                 "rating": {
                 "max": 10,
                 "average": 9.1,
                 "stars": "45",
                 "min": 0
                 },
                 "genres": [
                            "剧情",
                            "爱情",
                            "灾难"
                            ],
                 "title": "泰坦尼克号",
                 "casts": [
                           {
                           "alt": "http://movie.douban.com/celebrity/1041029/",
                           "avatars": {
                           "small": "https://img3.doubanio.com/img/celebrity/small/470.jpg",
                           "large": "https://img3.doubanio.com/img/celebrity/large/470.jpg",
                           "medium": "https://img3.doubanio.com/img/celebrity/medium/470.jpg"
                           },
                           "name": "莱昂纳多·迪卡普里奥",
                           "id": "1041029"
                           },
                           {
                           "alt": "http://movie.douban.com/celebrity/1054446/",
                           "avatars": {
                           "small": "https://img1.doubanio.com/img/celebrity/small/53358.jpg",
                           "large": "https://img1.doubanio.com/img/celebrity/large/53358.jpg",
                           "medium": "https://img1.doubanio.com/img/celebrity/medium/53358.jpg"
                           },
                           "name": "凯特·温丝莱特",
                           "id": "1054446"
                           },
                           {
                           "alt": "http://movie.douban.com/celebrity/1031864/",
                           "avatars": {
                           "small": "https://img3.doubanio.com/img/celebrity/small/45186.jpg",
                           "large": "https://img3.doubanio.com/img/celebrity/large/45186.jpg",
                           "medium": "https://img3.doubanio.com/img/celebrity/medium/45186.jpg"
                           },
                           "name": "比利·赞恩",
                           "id": "1031864"
                           }
                           ],
                 "collect_count": 730993,
                 "original_title": "Titanic",
                 "subtype": "movie",
                 "directors": [
                               {
                               "alt": "http://movie.douban.com/celebrity/1022571/",
                               "avatars": {
                               "small": "https://img3.doubanio.com/img/celebrity/small/33715.jpg",
                               "large": "https://img3.doubanio.com/img/celebrity/large/33715.jpg",
                               "medium": "https://img3.doubanio.com/img/celebrity/medium/33715.jpg"
                               },
                               "name": "詹姆斯·卡梅隆",
                               "id": "1022571"
                               }
                               ],
                 "year": "1997",
                 "images": {
                 "small": "https://img3.doubanio.com/view/movie_poster_cover/ipst/public/p457760035.jpg",
                 "large": "https://img3.doubanio.com/view/movie_poster_cover/lpst/public/p457760035.jpg",
                 "medium": "https://img3.doubanio.com/view/movie_poster_cover/spst/public/p457760035.jpg"
                 },
                 "alt": "http://movie.douban.com/subject/1292722/",
                 "id": "1292722"
                 },
                 {
                 "rating": {
                 "max": 10,
                 "average": 9.1,
                 "stars": "45",
                 "min": 0
                 },
                 "genres": [
                            "剧情",
                            "喜剧",
                            "爱情"
                            ],
                 "title": "三傻大闹宝莱坞",
                 "casts": [
                           {
                           "alt": "http://movie.douban.com/celebrity/1031931/",
                           "avatars": {
                           "small": "https://img1.doubanio.com/img/celebrity/small/13628.jpg",
                           "large": "https://img1.doubanio.com/img/celebrity/large/13628.jpg",
                           "medium": "https://img1.doubanio.com/img/celebrity/medium/13628.jpg"
                           },
                           "name": "阿米尔·汗",
                           "id": "1031931"
                           },
                           {
                           "alt": "http://movie.douban.com/celebrity/1049635/",
                           "avatars": {
                           "small": "https://img1.doubanio.com/img/celebrity/small/5568.jpg",
                           "large": "https://img1.doubanio.com/img/celebrity/large/5568.jpg",
                           "medium": "https://img1.doubanio.com/img/celebrity/medium/5568.jpg"
                           },
                           "name": "卡琳娜·卡普尔",
                           "id": "1049635"
                           },
                           {
                           "alt": "http://movie.douban.com/celebrity/1018290/",
                           "avatars": {
                           "small": "https://img3.doubanio.com/img/celebrity/small/5651.jpg",
                           "large": "https://img3.doubanio.com/img/celebrity/large/5651.jpg",
                           "medium": "https://img3.doubanio.com/img/celebrity/medium/5651.jpg"
                           },
                           "name": "马达范",
                           "id": "1018290"
                           }
                           ],
                 "collect_count": 689368,
                 "original_title": "3 Idiots",
                 "subtype": "movie",
                 "directors": [
                               {
                               "alt": "http://movie.douban.com/celebrity/1286677/",
                               "avatars": {
                               "small": "https://img1.doubanio.com/img/celebrity/small/16549.jpg",
                               "large": "https://img1.doubanio.com/img/celebrity/large/16549.jpg",
                               "medium": "https://img1.doubanio.com/img/celebrity/medium/16549.jpg"
                               },
                               "name": "拉吉库马尔·希拉尼",
                               "id": "1286677"
                               }
                               ],
                 "year": "2009",
                 "images": {
                 "small": "https://img3.doubanio.com/view/movie_poster_cover/ipst/public/p579729551.jpg",
                 "large": "https://img3.doubanio.com/view/movie_poster_cover/lpst/public/p579729551.jpg",
                 "medium": "https://img3.doubanio.com/view/movie_poster_cover/spst/public/p579729551.jpg"
                 },
                 "alt": "http://movie.douban.com/subject/3793023/",
                 "id": "3793023"
                 },
                 {
                 "rating": {
                 "max": 10,
                 "average": 9.2,
                 "stars": "45",
                 "min": 0
                 },
                 "genres": [
                            "剧情",
                            "儿童",
                            "音乐"
                            ],
                 "title": "放牛班的春天",
                 "casts": [
                           {
                           "alt": "http://movie.douban.com/celebrity/1048281/",
                           "avatars": {
                           "small": "https://img1.doubanio.com/img/celebrity/small/3363.jpg",
                           "large": "https://img1.doubanio.com/img/celebrity/large/3363.jpg",
                           "medium": "https://img1.doubanio.com/img/celebrity/medium/3363.jpg"
                           },
                           "name": "杰拉尔·朱诺",
                           "id": "1048281"
                           },
                           {
                           "alt": "http://movie.douban.com/celebrity/1054351/",
                           "avatars": {
                           "small": "https://img1.doubanio.com/img/celebrity/small/9329.jpg",
                           "large": "https://img1.doubanio.com/img/celebrity/large/9329.jpg",
                           "medium": "https://img1.doubanio.com/img/celebrity/medium/9329.jpg"
                           },
                           "name": "弗朗西斯·贝尔兰德",
                           "id": "1054351"
                           },
                           {
                           "alt": "http://movie.douban.com/celebrity/1000491/",
                           "avatars": {
                           "small": "https://img1.doubanio.com/img/celebrity/small/44424.jpg",
                           "large": "https://img1.doubanio.com/img/celebrity/large/44424.jpg",
                           "medium": "https://img1.doubanio.com/img/celebrity/medium/44424.jpg"
                           },
                           "name": "凯德·麦拉德",
                           "id": "1000491"
                           }
                           ],
                 "collect_count": 490602,
                 "original_title": "Les choristes",
                 "subtype": "movie",
                 "directors": [
                               {
                               "alt": "http://movie.douban.com/celebrity/1277959/",
                               "avatars": {
                               "small": "https://img1.doubanio.com/img/celebrity/small/24744.jpg",
                               "large": "https://img1.doubanio.com/img/celebrity/large/24744.jpg",
                               "medium": "https://img1.doubanio.com/img/celebrity/medium/24744.jpg"
                               },
                               "name": "克里斯托夫·巴拉蒂",
                               "id": "1277959"
                               }
                               ],
                 "year": "2004",
                 "images": {
                 "small": "https://img3.doubanio.com/view/movie_poster_cover/ipst/public/p1910824951.jpg",
                 "large": "https://img3.doubanio.com/view/movie_poster_cover/lpst/public/p1910824951.jpg",
                 "medium": "https://img3.doubanio.com/view/movie_poster_cover/spst/public/p1910824951.jpg"
                 },
                 "alt": "http://movie.douban.com/subject/1291549/",
                 "id": "1291549"
                 },
                 {
                 "rating": {
                 "max": 10,
                 "average": 9.2,
                 "stars": "45",
                 "min": 0
                 },
                 "genres": [
                            "剧情"
                            ],
                 "title": "忠犬八公的故事",
                 "casts": [
                           {
                           "alt": "http://movie.douban.com/celebrity/1040997/",
                           "avatars": {
                           "small": "https://img1.doubanio.com/img/celebrity/small/33013.jpg",
                           "large": "https://img1.doubanio.com/img/celebrity/large/33013.jpg",
                           "medium": "https://img1.doubanio.com/img/celebrity/medium/33013.jpg"
                           },
                           "name": "理查·基尔",
                           "id": "1040997"
                           },
                           {
                           "alt": "http://movie.douban.com/celebrity/1049499/",
                           "avatars": {
                           "small": "https://img1.doubanio.com/img/celebrity/small/5502.jpg",
                           "large": "https://img1.doubanio.com/img/celebrity/large/5502.jpg",
                           "medium": "https://img1.doubanio.com/img/celebrity/medium/5502.jpg"
                           },
                           "name": "萨拉·罗默尔",
                           "id": "1049499"
                           },
                           {
                           "alt": "http://movie.douban.com/celebrity/1025215/",
                           "avatars": {
                           "small": "https://img3.doubanio.com/img/celebrity/small/17520.jpg",
                           "large": "https://img3.doubanio.com/img/celebrity/large/17520.jpg",
                           "medium": "https://img3.doubanio.com/img/celebrity/medium/17520.jpg"
                           },
                           "name": "琼·艾伦",
                           "id": "1025215"
                           }
                           ],
                 "collect_count": 443517,
                 "original_title": "Hachi: A Dog's Tale",
                 "subtype": "movie",
                 "directors": [
                               {
                               "alt": "http://movie.douban.com/celebrity/1018014/",
                               "avatars": {
                               "small": "https://img1.doubanio.com/img/celebrity/small/4333.jpg",
                               "large": "https://img1.doubanio.com/img/celebrity/large/4333.jpg",
                               "medium": "https://img1.doubanio.com/img/celebrity/medium/4333.jpg"
                               },
                               "name": "莱塞·霍尔斯道姆",
                               "id": "1018014"
                               }
                               ],
                 "year": "2009",
                 "images": {
                 "small": "https://img3.doubanio.com/view/movie_poster_cover/ipst/public/p524964016.jpg",
                 "large": "https://img3.doubanio.com/view/movie_poster_cover/lpst/public/p524964016.jpg",
                 "medium": "https://img3.doubanio.com/view/movie_poster_cover/spst/public/p524964016.jpg"
                 },
                 "alt": "http://movie.douban.com/subject/3011091/",
                 "id": "3011091"
                 },
                 {
                 "rating": {
                 "max": 10,
                 "average": 9.1,
                 "stars": "45",
                 "min": 0
                 },
                 "genres": [
                            "动画",
                            "奇幻"
                            ],
                 "title": "龙猫",
                 "casts": [
                           {
                           "alt": "http://movie.douban.com/celebrity/1019382/",
                           "avatars": {
                           "small": "https://img1.doubanio.com/img/celebrity/small/1455201170.02.jpg",
                           "large": "https://img1.doubanio.com/img/celebrity/large/1455201170.02.jpg",
                           "medium": "https://img1.doubanio.com/img/celebrity/medium/1455201170.02.jpg"
                           },
                           "name": "日高法子",
                           "id": "1019382"
                           },
                           {
                           "alt": "http://movie.douban.com/celebrity/1025582/",
                           "avatars": {
                           "small": "https://img1.doubanio.com/img/celebrity/small/29537.jpg",
                           "large": "https://img1.doubanio.com/img/celebrity/large/29537.jpg",
                           "medium": "https://img1.doubanio.com/img/celebrity/medium/29537.jpg"
                           },
                           "name": "坂本千夏",
                           "id": "1025582"
                           },
                           {
                           "alt": "http://movie.douban.com/celebrity/1037668/",
                           "avatars": {
                           "small": "https://img1.doubanio.com/img/celebrity/small/1356199849.63.jpg",
                           "large": "https://img1.doubanio.com/img/celebrity/large/1356199849.63.jpg",
                           "medium": "https://img1.doubanio.com/img/celebrity/medium/1356199849.63.jpg"
                           },
                           "name": "岛本须美",
                           "id": "1037668"
                           }
                           ],
                 "collect_count": 460800,
                 "original_title": "となりのトトロ",
                 "subtype": "movie",
                 "directors": [
                               {
                               "alt": "http://movie.douban.com/celebrity/1054439/",
                               "avatars": {
                               "small": "https://img3.doubanio.com/img/celebrity/small/616.jpg",
                               "large": "https://img3.doubanio.com/img/celebrity/large/616.jpg",
                               "medium": "https://img3.doubanio.com/img/celebrity/medium/616.jpg"
                               },
                               "name": "宫崎骏",
                               "id": "1054439"
                               }
                               ],
                 "year": "1988",
                 "images": {
                 "small": "https://img1.doubanio.com/view/movie_poster_cover/ipst/public/p1910829638.jpg",
                 "large": "https://img1.doubanio.com/view/movie_poster_cover/lpst/public/p1910829638.jpg",
                 "medium": "https://img1.doubanio.com/view/movie_poster_cover/spst/public/p1910829638.jpg"
                 },
                 "alt": "http://movie.douban.com/subject/1291560/",
                 "id": "1291560"
                 },
                 {
                 "rating": {
                 "max": 10,
                 "average": 9.1,
                 "stars": "45",
                 "min": 0
                 },
                 "genres": [
                            "动作",
                            "冒险",
                            "喜剧"
                            ],
                 "title": "大话西游之大圣娶亲",
                 "casts": [
                           {
                           "alt": "http://movie.douban.com/celebrity/1048026/",
                           "avatars": {
                           "small": "https://img3.doubanio.com/img/celebrity/small/47421.jpg",
                           "large": "https://img3.doubanio.com/img/celebrity/large/47421.jpg",
                           "medium": "https://img3.doubanio.com/img/celebrity/medium/47421.jpg"
                           },
                           "name": "周星驰",
                           "id": "1048026"
                           },
                           {
                           "alt": "http://movie.douban.com/celebrity/1016771/",
                           "avatars": {
                           "small": "https://img3.doubanio.com/img/celebrity/small/45481.jpg",
                           "large": "https://img3.doubanio.com/img/celebrity/large/45481.jpg",
                           "medium": "https://img3.doubanio.com/img/celebrity/medium/45481.jpg"
                           },
                           "name": "吴孟达",
                           "id": "1016771"
                           },
                           {
                           "alt": "http://movie.douban.com/celebrity/1041734/",
                           "avatars": {
                           "small": "https://img1.doubanio.com/img/celebrity/small/5539.jpg",
                           "large": "https://img1.doubanio.com/img/celebrity/large/5539.jpg",
                           "medium": "https://img1.doubanio.com/img/celebrity/medium/5539.jpg"
                           },
                           "name": "朱茵",
                           "id": "1041734"
                           }
                           ],
                 "collect_count": 488250,
                 "original_title": "西遊記大結局之仙履奇緣",
                 "subtype": "movie",
                 "directors": [
                               {
                               "alt": "http://movie.douban.com/celebrity/1274431/",
                               "avatars": {
                               "small": "https://img1.doubanio.com/img/celebrity/small/45374.jpg",
                               "large": "https://img1.doubanio.com/img/celebrity/large/45374.jpg",
                               "medium": "https://img1.doubanio.com/img/celebrity/medium/45374.jpg"
                               },
                               "name": "刘镇伟",
                               "id": "1274431"
                               }
                               ],
                 "year": "1995",
                 "images": {
                 "small": "https://img1.doubanio.com/view/movie_poster_cover/ipst/public/p648365452.jpg",
                 "large": "https://img1.doubanio.com/view/movie_poster_cover/lpst/public/p648365452.jpg",
                 "medium": "https://img1.doubanio.com/view/movie_poster_cover/spst/public/p648365452.jpg"
                 },
                 "alt": "http://movie.douban.com/subject/1292213/",
                 "id": "1292213"
                 },
                 {
                 "rating": {
                 "max": 10,
                 "average": 9.2,
                 "stars": "45",
                 "min": 0
                 },
                 "genres": [
                            "剧情",
                            "犯罪"
                            ],
                 "title": "教父",
                 "casts": [
                           {
                           "alt": "http://movie.douban.com/celebrity/1041025/",
                           "avatars": {
                           "small": "https://img3.doubanio.com/img/celebrity/small/465.jpg",
                           "large": "https://img3.doubanio.com/img/celebrity/large/465.jpg",
                           "medium": "https://img3.doubanio.com/img/celebrity/medium/465.jpg"
                           },
                           "name": "马龙·白兰度",
                           "id": "1041025"
                           },
                           {
                           "alt": "http://movie.douban.com/celebrity/1054451/",
                           "avatars": {
                           "small": "https://img3.doubanio.com/img/celebrity/small/645.jpg",
                           "large": "https://img3.doubanio.com/img/celebrity/large/645.jpg",
                           "medium": "https://img3.doubanio.com/img/celebrity/medium/645.jpg"
                           },
                           "name": "阿尔·帕西诺",
                           "id": "1054451"
                           },
                           {
                           "alt": "http://movie.douban.com/celebrity/1000050/",
                           "avatars": {
                           "small": "https://img3.doubanio.com/img/celebrity/small/9550.jpg",
                           "large": "https://img3.doubanio.com/img/celebrity/large/9550.jpg",
                           "medium": "https://img3.doubanio.com/img/celebrity/medium/9550.jpg"
                           },
                           "name": "詹姆斯·凯恩",
                           "id": "1000050"
                           }
                           ],
                 "collect_count": 377373,
                 "original_title": "The Godfather",
                 "subtype": "movie",
                 "directors": [
                               {
                               "alt": "http://movie.douban.com/celebrity/1054419/",
                               "avatars": {
                               "small": "https://img1.doubanio.com/img/celebrity/small/592.jpg",
                               "large": "https://img1.doubanio.com/img/celebrity/large/592.jpg",
                               "medium": "https://img1.doubanio.com/img/celebrity/medium/592.jpg"
                               },
                               "name": "弗朗西斯·福特·科波拉",
                               "id": "1054419"
                               }
                               ],
                 "year": "1972",
                 "images": {
                 "small": "https://img1.doubanio.com/view/movie_poster_cover/ipst/public/p1910907404.jpg",
                 "large": "https://img1.doubanio.com/view/movie_poster_cover/lpst/public/p1910907404.jpg",
                 "medium": "https://img1.doubanio.com/view/movie_poster_cover/spst/public/p1910907404.jpg"
                 },
                 "alt": "http://movie.douban.com/subject/1291841/",
                 "id": "1291841"
                 },
                 {
                 "rating": {
                 "max": 10,
                 "average": 9.2,
                 "stars": "45",
                 "min": 0
                 },
                 "genres": [
                            "剧情",
                            "爱情",
                            "战争"
                            ],
                 "title": "乱世佳人",
                 "casts": [
                           {
                           "alt": "http://movie.douban.com/celebrity/1006997/",
                           "avatars": {
                           "small": "https://img3.doubanio.com/img/celebrity/small/5290.jpg",
                           "large": "https://img3.doubanio.com/img/celebrity/large/5290.jpg",
                           "medium": "https://img3.doubanio.com/img/celebrity/medium/5290.jpg"
                           },
                           "name": "克拉克·盖博",
                           "id": "1006997"
                           },
                           {
                           "alt": "http://movie.douban.com/celebrity/1010506/",
                           "avatars": {
                           "small": "https://img3.doubanio.com/img/celebrity/small/3151.jpg",
                           "large": "https://img3.doubanio.com/img/celebrity/large/3151.jpg",
                           "medium": "https://img3.doubanio.com/img/celebrity/medium/3151.jpg"
                           },
                           "name": "费雯·丽",
                           "id": "1010506"
                           },
                           {
                           "alt": "http://movie.douban.com/celebrity/1000293/",
                           "avatars": {
                           "small": "https://img3.doubanio.com/img/celebrity/small/3806.jpg",
                           "large": "https://img3.doubanio.com/img/celebrity/large/3806.jpg",
                           "medium": "https://img3.doubanio.com/img/celebrity/medium/3806.jpg"
                           },
                           "name": "莱斯利·霍华德",
                           "id": "1000293"
                           }
                           ],
                 "collect_count": 314096,
                 "original_title": "Gone with the Wind",
                 "subtype": "movie",
                 "directors": [
                               {
                               "alt": "http://movie.douban.com/celebrity/1032275/",
                               "avatars": {
                               "small": "https://img1.doubanio.com/img/celebrity/small/11303.jpg",
                               "large": "https://img1.doubanio.com/img/celebrity/large/11303.jpg",
                               "medium": "https://img1.doubanio.com/img/celebrity/medium/11303.jpg"
                               },
                               "name": "维克多·弗莱明",
                               "id": "1032275"
                               },
                               {
                               "alt": "http://movie.douban.com/celebrity/1010711/",
                               "avatars": {
                               "small": "https://img1.doubanio.com/img/celebrity/small/19067.jpg",
                               "large": "https://img1.doubanio.com/img/celebrity/large/19067.jpg",
                               "medium": "https://img1.doubanio.com/img/celebrity/medium/19067.jpg"
                               },
                               "name": "乔治·库克",
                               "id": "1010711"
                               },
                               {
                               "alt": "http://movie.douban.com/celebrity/1012588/",
                               "avatars": {
                               "small": "https://img3.doubanio.com/img/celebrity/small/54831.jpg",
                               "large": "https://img3.doubanio.com/img/celebrity/large/54831.jpg",
                               "medium": "https://img3.doubanio.com/img/celebrity/medium/54831.jpg"
                               },
                               "name": "山姆·伍德",
                               "id": "1012588"
                               }
                               ],
                 "year": "1939",
                 "images": {
                 "small": "https://img3.doubanio.com/view/movie_poster_cover/ipst/public/p1963126880.jpg",
                 "large": "https://img3.doubanio.com/view/movie_poster_cover/lpst/public/p1963126880.jpg",
                 "medium": "https://img3.doubanio.com/view/movie_poster_cover/spst/public/p1963126880.jpg"
                 },
                 "alt": "http://movie.douban.com/subject/1300267/",
                 "id": "1300267"
                 },
                 {
                 "rating": {
                 "max": 10,
                 "average": 9.1,
                 "stars": "45",
                 "min": 0
                 },
                 "genres": [
                            "剧情",
                            "爱情"
                            ],
                 "title": "天堂电影院",
                 "casts": [
                           {
                           "alt": "http://movie.douban.com/celebrity/1277558/",
                           "avatars": {
                           "small": "https://img1.doubanio.com/img/celebrity/small/43502.jpg",
                           "large": "https://img1.doubanio.com/img/celebrity/large/43502.jpg",
                           "medium": "https://img1.doubanio.com/img/celebrity/medium/43502.jpg"
                           },
                           "name": "安东娜拉·塔莉",
                           "id": "1277558"
                           },
                           {
                           "alt": "http://movie.douban.com/celebrity/1078332/",
                           "avatars": {
                           "small": "https://img3.doubanio.com/img/celebrity/small/44286.jpg",
                           "large": "https://img3.doubanio.com/img/celebrity/large/44286.jpg",
                           "medium": "https://img3.doubanio.com/img/celebrity/medium/44286.jpg"
                           },
                           "name": "恩佐·卡拉瓦勒",
                           "id": "1078332"
                           },
                           {
                           "alt": "http://movie.douban.com/celebrity/1074920/",
                           "avatars": {
                           "small": "https://img3.doubanio.com/img/celebrity/small/1371022856.11.jpg",
                           "large": "https://img3.doubanio.com/img/celebrity/large/1371022856.11.jpg",
                           "medium": "https://img3.doubanio.com/img/celebrity/medium/1371022856.11.jpg"
                           },
                           "name": "艾萨·丹尼埃利",
                           "id": "1074920"
                           }
                           ],
                 "collect_count": 344644,
                 "original_title": "Nuovo Cinema Paradiso",
                 "subtype": "movie",
                 "directors": [
                               {
                               "alt": "http://movie.douban.com/celebrity/1018983/",
                               "avatars": {
                               "small": "https://img3.doubanio.com/img/celebrity/small/195.jpg",
                               "large": "https://img3.doubanio.com/img/celebrity/large/195.jpg",
                               "medium": "https://img3.doubanio.com/img/celebrity/medium/195.jpg"
                               },
                               "name": "朱塞佩·托纳多雷",
                               "id": "1018983"
                               }
                               ],
                 "year": "1988",
                 "images": {
                 "small": "https://img3.doubanio.com/view/movie_poster_cover/ipst/public/p1910901025.jpg",
                 "large": "https://img3.doubanio.com/view/movie_poster_cover/lpst/public/p1910901025.jpg",
                 "medium": "https://img3.doubanio.com/view/movie_poster_cover/spst/public/p1910901025.jpg"
                 },
                 "alt": "http://movie.douban.com/subject/1291828/",
                 "id": "1291828"
                 },
                 {
                 "rating": {
                 "max": 10,
                 "average": 8.9,
                 "stars": "45",
                 "min": 0
                 },
                 "genres": [
                            "剧情",
                            "传记",
                            "家庭"
                            ],
                 "title": "当幸福来敲门",
                 "casts": [
                           {
                           "alt": "http://movie.douban.com/celebrity/1027138/",
                           "avatars": {
                           "small": "https://img3.doubanio.com/img/celebrity/small/31885.jpg",
                           "large": "https://img3.doubanio.com/img/celebrity/large/31885.jpg",
                           "medium": "https://img3.doubanio.com/img/celebrity/medium/31885.jpg"
                           },
                           "name": "威尔·史密斯",
                           "id": "1027138"
                           },
                           {
                           "alt": "http://movie.douban.com/celebrity/1010532/",
                           "avatars": {
                           "small": "https://img1.doubanio.com/img/celebrity/small/1374248074.98.jpg",
                           "large": "https://img1.doubanio.com/img/celebrity/large/1374248074.98.jpg",
                           "medium": "https://img1.doubanio.com/img/celebrity/medium/1374248074.98.jpg"
                           },
                           "name": "贾登·史密斯",
                           "id": "1010532"
                           },
                           {
                           "alt": "http://movie.douban.com/celebrity/1040513/",
                           "avatars": {
                           "small": "https://img1.doubanio.com/img/celebrity/small/1378018910.89.jpg",
                           "large": "https://img1.doubanio.com/img/celebrity/large/1378018910.89.jpg",
                           "medium": "https://img1.doubanio.com/img/celebrity/medium/1378018910.89.jpg"
                           },
                           "name": "坦迪·牛顿",
                           "id": "1040513"
                           }
                           ],
                 "collect_count": 600777,
                 "original_title": "The Pursuit of Happyness",
                 "subtype": "movie",
                 "directors": [
                               {
                               "alt": "http://movie.douban.com/celebrity/1045093/",
                               "avatars": {
                               "small": "https://img1.doubanio.com/img/celebrity/small/20409.jpg",
                               "large": "https://img1.doubanio.com/img/celebrity/large/20409.jpg",
                               "medium": "https://img1.doubanio.com/img/celebrity/medium/20409.jpg"
                               },
                               "name": "加布里尔·穆奇诺",
                               "id": "1045093"
                               }
                               ],
                 "year": "2006",
                 "images": {
                 "small": "https://img1.doubanio.com/view/movie_poster_cover/ipst/public/p1312700628.jpg",
                 "large": "https://img1.doubanio.com/view/movie_poster_cover/lpst/public/p1312700628.jpg",
                 "medium": "https://img1.doubanio.com/view/movie_poster_cover/spst/public/p1312700628.jpg"
                 },
                 "alt": "http://movie.douban.com/subject/1849031/",
                 "id": "1849031"
                 }
                 ],
    "title": "豆瓣电影Top250"
}